path,type,required,constraints
"ITR.ITR1.CreationInfo.SWVersionNo","string","","pattern=|(\\s*([\\w\\d_=!@#$%\\^*\\(\\){}\\[\\]\\|\\\\:;',\\.\\?/~`\\-\\+<>&\"][\\s\\w\\d_=!@#$%\\^*\\(\\){}\\[\\]\\|\\\\:;',\\.\\?/~`\\-\\+<>&\"]*)\\s*)"
"ITR.ITR1.CreationInfo.SWVersionNo","object","","minLength=1;maxLength=10;default=1.0"
"ITR.ITR1.CreationInfo.SWCreatedBy","string","","pattern=|(\\s*([\\w\\d_=!@#$%\\^*\\(\\){}\\[\\]\\|\\\\:;',\\.\\?/~`\\-\\+<>&\"][\\s\\w\\d_=!@#$%\\^*\\(\\){}\\[\\]\\|\\\\:;',\\.\\?/~`\\-\\+<>&\"]*)\\s*)"
"ITR.ITR1.CreationInfo.SWCreatedBy","object","","pattern=[S][W][0-9]{8}"
"ITR.ITR1.CreationInfo.JSONCreatedBy","string","","pattern=|(\\s*([\\w\\d_=!@#$%\\^*\\(\\){}\\[\\]\\|\\\\:;',\\.\\?/~`\\-\\+<>&\"][\\s\\w\\d_=!@#$%\\^*\\(\\){}\\[\\]\\|\\\\:;',\\.\\?/~`\\-\\+<>&\"]*)\\s*)"
"ITR.ITR1.CreationInfo.JSONCreatedBy","object","","pattern=[S][W][0-9]{8}"
"ITR.ITR1.CreationInfo.JSONCreationDate","string","Y","pattern=([12]\\d{3}-(0[1-9]|1[0-2])-(0[1-9]|[12]\\d|3[01]))"
"ITR.ITR1.CreationInfo.IntermediaryCity","string","","pattern=|(\\s*([\\w\\d_=!@#$%\\^*\\(\\){}\\[\\]\\|\\\\:;',\\.\\?/~`\\-\\+<>&\"][\\s\\w\\d_=!@#$%\\^*\\(\\){}\\[\\]\\|\\\\:;',\\.\\?/~`\\-\\+<>&\"]*)\\s*)"
"ITR.ITR1.CreationInfo.IntermediaryCity","object","","minLength=1;maxLength=25;default=Delhi"
"ITR.ITR1.CreationInfo.Digest","string","","pattern=|(\\s*([\\w\\d_=!@#$%\\^*\\(\\){}\\[\\]\\|\\\\:;',\\.\\?/~`\\-\\+<>&\"][\\s\\w\\d_=!@#$%\\^*\\(\\){}\\[\\]\\|\\\\:;',\\.\\?/~`\\-\\+<>&\"]*)\\s*)"
"ITR.ITR1.CreationInfo.Digest","object","","pattern=-|.{44}"
"ITR.ITR1.Form_ITR1.FormName","string","","pattern=|(\\s*([\\w\\d_=!@#$%\\^*\\(\\){}\\[\\]\\|\\\\:;',\\.\\?/~`\\-\\+<>&\"][\\s\\w\\d_=!@#$%\\^*\\(\\){}\\[\\]\\|\\\\:;',\\.\\?/~`\\-\\+<>&\"]*)\\s*)"
"ITR.ITR1.Form_ITR1.FormName","object","","pattern=ITR-1"
"ITR.ITR1.Form_ITR1.Description","string","","pattern=|(\\s*([\\w\\d_=!@#$%\\^*\\(\\){}\\[\\]\\|\\\\:;',\\.\\?/~`\\-\\+<>&\"][\\s\\w\\d_=!@#$%\\^*\\(\\){}\\[\\]\\|\\\\:;',\\.\\?/~`\\-\\+<>&\"]*)\\s*)"
"ITR.ITR1.Form_ITR1.Description","object","","minLength=1;maxLength=75"
"ITR.ITR1.Form_ITR1.AssessmentYear","string","","pattern=|(\\s*([\\w\\d_=!@#$%\\^*\\(\\){}\\[\\]\\|\\\\:;',\\.\\?/~`\\-\\+<>&\"][\\s\\w\\d_=!@#$%\\^*\\(\\){}\\[\\]\\|\\\\:;',\\.\\?/~`\\-\\+<>&\"]*)\\s*)"
"ITR.ITR1.Form_ITR1.AssessmentYear","object","","minLength=4;maxLength=4;pattern=2026"
"ITR.ITR1.Form_ITR1.SchemaVer","string","","pattern=|(\\s*([\\w\\d_=!@#$%\\^*\\(\\){}\\[\\]\\|\\\\:;',\\.\\?/~`\\-\\+<>&\"][\\s\\w\\d_=!@#$%\\^*\\(\\){}\\[\\]\\|\\\\:;',\\.\\?/~`\\-\\+<>&\"]*)\\s*)"
"ITR.ITR1.Form_ITR1.SchemaVer","object","","minLength=1;maxLength=10;pattern=Ver1.0"
"ITR.ITR1.Form_ITR1.FormVer","string","","pattern=|(\\s*([\\w\\d_=!@#$%\\^*\\(\\){}\\[\\]\\|\\\\:;',\\.\\?/~`\\-\\+<>&\"][\\s\\w\\d_=!@#$%\\^*\\(\\){}\\[\\]\\|\\\\:;',\\.\\?/~`\\-\\+<>&\"]*)\\s*)"
"ITR.ITR1.Form_ITR1.FormVer","object","","minLength=1;maxLength=10;pattern=Ver1.0"
"ITR.ITR1.PersonalInfo.AssesseeName.FirstName","string","","pattern=|(\\s*([\\w\\d_=!@#$%\\^*\\(\\){}\\[\\]\\|\\\\:;',\\.\\?/~`\\-\\+<>&\"][\\s\\w\\d_=!@#$%\\^*\\(\\){}\\[\\]\\|\\\\:;',\\.\\?/~`\\-\\+<>&\"]*)\\s*)"
"ITR.ITR1.PersonalInfo.AssesseeName.FirstName","object","","maxLength=25"
"ITR.ITR1.PersonalInfo.AssesseeName.MiddleName","string","","pattern=|(\\s*([\\w\\d_=!@#$%\\^*\\(\\){}\\[\\]\\|\\\\:;',\\.\\?/~`\\-\\+<>&\"][\\s\\w\\d_=!@#$%\\^*\\(\\){}\\[\\]\\|\\\\:;',\\.\\?/~`\\-\\+<>&\"]*)\\s*)"
"ITR.ITR1.PersonalInfo.AssesseeName.MiddleName","object","","maxLength=25"
"ITR.ITR1.PersonalInfo.AssesseeName.SurNameOrOrgName","string","","pattern=|(\\s*([\\w\\d_=!@#$%\\^*\\(\\){}\\[\\]\\|\\\\:;',\\.\\?/~`\\-\\+<>&\"][\\s\\w\\d_=!@#$%\\^*\\(\\){}\\[\\]\\|\\\\:;',\\.\\?/~`\\-\\+<>&\"]*)\\s*)"
"ITR.ITR1.PersonalInfo.AssesseeName.SurNameOrOrgName","object","","minLength=1;maxLength=75"
"ITR.ITR1.PersonalInfo.PAN","string","","pattern=|(\\s*([\\w\\d_=!@#$%\\^*\\(\\){}\\[\\]\\|\\\\:;',\\.\\?/~`\\-\\+<>&\"][\\s\\w\\d_=!@#$%\\^*\\(\\){}\\[\\]\\|\\\\:;',\\.\\?/~`\\-\\+<>&\"]*)\\s*)"
"ITR.ITR1.PersonalInfo.PAN","object","","pattern=[A-Z]{5}[0-9]{4}[A-Z]"
"ITR.ITR1.PersonalInfo.Address.ResidenceNo","string","","pattern=|(\\s*([\\w\\d_=!@#$%\\^*\\(\\){}\\[\\]\\|\\\\:;',\\.\\?/~`\\-\\+<>&\"][\\s\\w\\d_=!@#$%\\^*\\(\\){}\\[\\]\\|\\\\:;',\\.\\?/~`\\-\\+<>&\"]*)\\s*)"
"ITR.ITR1.PersonalInfo.Address.ResidenceNo","object","","minLength=1;maxLength=50"
"ITR.ITR1.PersonalInfo.Address.ResidenceName","string","","pattern=|(\\s*([\\w\\d_=!@#$%\\^*\\(\\){}\\[\\]\\|\\\\:;',\\.\\?/~`\\-\\+<>&\"][\\s\\w\\d_=!@#$%\\^*\\(\\){}\\[\\]\\|\\\\:;',\\.\\?/~`\\-\\+<>&\"]*)\\s*)"
"ITR.ITR1.PersonalInfo.Address.ResidenceName","object","","maxLength=50"
"ITR.ITR1.PersonalInfo.Address.RoadOrStreet","string","","pattern=|(\\s*([\\w\\d_=!@#$%\\^*\\(\\){}\\[\\]\\|\\\\:;',\\.\\?/~`\\-\\+<>&\"][\\s\\w\\d_=!@#$%\\^*\\(\\){}\\[\\]\\|\\\\:;',\\.\\?/~`\\-\\+<>&\"]*)\\s*)"
"ITR.ITR1.PersonalInfo.Address.RoadOrStreet","object","","maxLength=50"
"ITR.ITR1.PersonalInfo.Address.LocalityOrArea","string","","pattern=|(\\s*([\\w\\d_=!@#$%\\^*\\(\\){}\\[\\]\\|\\\\:;',\\.\\?/~`\\-\\+<>&\"][\\s\\w\\d_=!@#$%\\^*\\(\\){}\\[\\]\\|\\\\:;',\\.\\?/~`\\-\\+<>&\"]*)\\s*)"
"ITR.ITR1.PersonalInfo.Address.LocalityOrArea","object","","minLength=1;maxLength=50"
"ITR.ITR1.PersonalInfo.Address.CityOrTownOrDistrict","string","","pattern=|(\\s*([\\w\\d_=!@#$%\\^*\\(\\){}\\[\\]\\|\\\\:;',\\.\\?/~`\\-\\+<>&\"][\\s\\w\\d_=!@#$%\\^*\\(\\){}\\[\\]\\|\\\\:;',\\.\\?/~`\\-\\+<>&\"]*)\\s*)"
"ITR.ITR1.PersonalInfo.Address.CityOrTownOrDistrict","object","","minLength=1;maxLength=50"
"ITR.ITR1.PersonalInfo.Address.StateCode","string","","pattern=|(\\s*([\\w\\d_=!@#$%\\^*\\(\\){}\\[\\]\\|\\\\:;',\\.\\?/~`\\-\\+<>&\"][\\s\\w\\d_=!@#$%\\^*\\(\\){}\\[\\]\\|\\\\:;',\\.\\?/~`\\-\\+<>&\"]*)\\s*)"
"ITR.ITR1.PersonalInfo.Address.StateCode","enum","","enum=[\"01\", \"02\", \"03\", \"04\", \"05\", \"06\", \"07\", \"08\", \"...\"]"
"ITR.ITR1.PersonalInfo.Address.CountryCode","string","","pattern=|(\\s*([\\w\\d_=!@#$%\\^*\\(\\){}\\[\\]\\|\\\\:;',\\.\\?/~`\\-\\+<>&\"][\\s\\w\\d_=!@#$%\\^*\\(\\){}\\[\\]\\|\\\\:;',\\.\\?/~`\\-\\+<>&\"]*)\\s*)"
"ITR.ITR1.PersonalInfo.Address.CountryCode","enum","","enum=[\"93\", \"1001\", \"355\", \"213\", \"684\", \"376\", \"244\", \"1264\", \"...\"]"
"ITR.ITR1.PersonalInfo.Address.PinCode","integer","N","pattern=[1-9]{1}[0-9]{5}"
"ITR.ITR1.PersonalInfo.Address.ZipCode","string","","pattern=|(\\s*([\\w\\d_=!@#$%\\^*\\(\\){}\\[\\]\\|\\\\:;',\\.\\?/~`\\-\\+<>&\"][\\s\\w\\d_=!@#$%\\^*\\(\\){}\\[\\]\\|\\\\:;',\\.\\?/~`\\-\\+<>&\"]*)\\s*)"
"ITR.ITR1.PersonalInfo.Address.ZipCode","object","","maxLength=8"
"ITR.ITR1.PersonalInfo.Address.CountryCodeMobile","integer","Y","pattern=[0-9]{1,5}"
"ITR.ITR1.PersonalInfo.Address.MobileNo","integer","Y","pattern=[1-9]{1}[0-9]{9}|[1-9]{1}[0-9]{4,9}"
"ITR.ITR1.PersonalInfo.Address.CountryCodeMobileNoSec","integer","N","pattern=[0-9]{1,5}"
"ITR.ITR1.PersonalInfo.Address.MobileNoSec","integer","N","pattern=[1-9]{1}[0-9]{9}|[1-9]{1}[0-9]{4,9}"
"ITR.ITR1.PersonalInfo.Address.EmailAddress","string","","pattern=|(\\s*([\\w\\d_=!@#$%\\^*\\(\\){}\\[\\]\\|\\\\:;',\\.\\?/~`\\-\\+<>&\"][\\s\\w\\d_=!@#$%\\^*\\(\\){}\\[\\]\\|\\\\:;',\\.\\?/~`\\-\\+<>&\"]*)\\s*)"
"ITR.ITR1.PersonalInfo.Address.EmailAddress","object","","maxLength=125;pattern=([\\.a-zA-Z0-9_\\-])+@([a-zA-Z0-9_\\-])+(([a-zA-Z0-9_\\-])*\\.([a-zA-Z0-9_\\-])+)+"
"ITR.ITR1.PersonalInfo.Address.EmailAddressSec","string","","pattern=|(\\s*([\\w\\d_=!@#$%\\^*\\(\\){}\\[\\]\\|\\\\:;',\\.\\?/~`\\-\\+<>&\"][\\s\\w\\d_=!@#$%\\^*\\(\\){}\\[\\]\\|\\\\:;',\\.\\?/~`\\-\\+<>&\"]*)\\s*)"
"ITR.ITR1.PersonalInfo.Address.EmailAddressSec","object","","maxLength=125;pattern=([\\.a-zA-Z0-9_\\-])+@([a-zA-Z0-9_\\-])+(([a-zA-Z0-9_\\-])*\\.([a-zA-Z0-9_\\-])+)+"
"ITR.ITR1.PersonalInfo.SecondaryAdd","string","Y","enum=[\"Y\", \"N\"]"
"ITR.ITR1.PersonalInfo.AlternateAddress.ResidenceNo","string","","pattern=|(\\s*([\\w\\d_=!@#$%\\^*\\(\\){}\\[\\]\\|\\\\:;',\\.\\?/~`\\-\\+<>&\"][\\s\\w\\d_=!@#$%\\^*\\(\\){}\\[\\]\\|\\\\:;',\\.\\?/~`\\-\\+<>&\"]*)\\s*)"
"ITR.ITR1.PersonalInfo.AlternateAddress.ResidenceNo","object","","minLength=1;maxLength=50"
"ITR.ITR1.PersonalInfo.AlternateAddress.ResidenceName","string","","pattern=|(\\s*([\\w\\d_=!@#$%\\^*\\(\\){}\\[\\]\\|\\\\:;',\\.\\?/~`\\-\\+<>&\"][\\s\\w\\d_=!@#$%\\^*\\(\\){}\\[\\]\\|\\\\:;',\\.\\?/~`\\-\\+<>&\"]*)\\s*)"
"ITR.ITR1.PersonalInfo.AlternateAddress.ResidenceName","object","","maxLength=50"
"ITR.ITR1.PersonalInfo.AlternateAddress.RoadOrStreet","string","","pattern=|(\\s*([\\w\\d_=!@#$%\\^*\\(\\){}\\[\\]\\|\\\\:;',\\.\\?/~`\\-\\+<>&\"][\\s\\w\\d_=!@#$%\\^*\\(\\){}\\[\\]\\|\\\\:;',\\.\\?/~`\\-\\+<>&\"]*)\\s*)"
"ITR.ITR1.PersonalInfo.AlternateAddress.RoadOrStreet","object","","maxLength=50"
"ITR.ITR1.PersonalInfo.AlternateAddress.LocalityOrArea","string","","pattern=|(\\s*([\\w\\d_=!@#$%\\^*\\(\\){}\\[\\]\\|\\\\:;',\\.\\?/~`\\-\\+<>&\"][\\s\\w\\d_=!@#$%\\^*\\(\\){}\\[\\]\\|\\\\:;',\\.\\?/~`\\-\\+<>&\"]*)\\s*)"
"ITR.ITR1.PersonalInfo.AlternateAddress.LocalityOrArea","object","","minLength=1;maxLength=50"
"ITR.ITR1.PersonalInfo.AlternateAddress.CityOrTownOrDistrict","string","","pattern=|(\\s*([\\w\\d_=!@#$%\\^*\\(\\){}\\[\\]\\|\\\\:;',\\.\\?/~`\\-\\+<>&\"][\\s\\w\\d_=!@#$%\\^*\\(\\){}\\[\\]\\|\\\\:;',\\.\\?/~`\\-\\+<>&\"]*)\\s*)"
"ITR.ITR1.PersonalInfo.AlternateAddress.CityOrTownOrDistrict","object","","minLength=1;maxLength=50"
"ITR.ITR1.PersonalInfo.AlternateAddress.StateCode","string","","pattern=|(\\s*([\\w\\d_=!@#$%\\^*\\(\\){}\\[\\]\\|\\\\:;',\\.\\?/~`\\-\\+<>&\"][\\s\\w\\d_=!@#$%\\^*\\(\\){}\\[\\]\\|\\\\:;',\\.\\?/~`\\-\\+<>&\"]*)\\s*)"
"ITR.ITR1.PersonalInfo.AlternateAddress.StateCode","enum","","enum=[\"01\", \"02\", \"03\", \"04\", \"05\", \"06\", \"07\", \"08\", \"...\"]"
"ITR.ITR1.PersonalInfo.AlternateAddress.CountryCode","string","","pattern=|(\\s*([\\w\\d_=!@#$%\\^*\\(\\){}\\[\\]\\|\\\\:;',\\.\\?/~`\\-\\+<>&\"][\\s\\w\\d_=!@#$%\\^*\\(\\){}\\[\\]\\|\\\\:;',\\.\\?/~`\\-\\+<>&\"]*)\\s*)"
"ITR.ITR1.PersonalInfo.AlternateAddress.CountryCode","enum","","enum=[\"93\", \"1001\", \"355\", \"213\", \"684\", \"376\", \"244\", \"1264\", \"...\"]"
"ITR.ITR1.PersonalInfo.AlternateAddress.PinCode","integer","N","minimum=100000;maximum=999999;pattern=[1-9]{1}[0-9]{5}"
"ITR.ITR1.PersonalInfo.AlternateAddress.ZipCode","string","N","maxLength=8"
"ITR.ITR1.PersonalInfo.DOB","string","Y","pattern=([12]\\d{3}-(0[1-9]|1[0-2])-(0[1-9]|[12]\\d|3[01]))"
"ITR.ITR1.PersonalInfo.EmployerCategory","string","Y","enum=[\"CGOV\", \"SGOV\", \"PSU\", \"PE\", \"PESG\", \"PEPS\", \"PEO\", \"OTH\", \"...\"]"
"ITR.ITR1.PersonalInfo.AadhaarCardNo","string","","pattern=|(\\s*([\\w\\d_=!@#$%\\^*\\(\\){}\\[\\]\\|\\\\:;',\\.\\?/~`\\-\\+<>&\"][\\s\\w\\d_=!@#$%\\^*\\(\\){}\\[\\]\\|\\\\:;',\\.\\?/~`\\-\\+<>&\"]*)\\s*)"
"ITR.ITR1.PersonalInfo.AadhaarCardNo","object","","pattern=[0-9]{12}"
"ITR.ITR1.FilingStatus.ReturnFileSec","integer","Y","minimum=11;maximum=20;enum=[11, 12, 13, 14, 16, 17, 18, 20];default=11"
"ITR.ITR1.FilingStatus.OptOutNewTaxRegime","string","","pattern=|(\\s*([\\w\\d_=!@#$%\\^*\\(\\){}\\[\\]\\|\\\\:;',\\.\\?/~`\\-\\+<>&\"][\\s\\w\\d_=!@#$%\\^*\\(\\){}\\[\\]\\|\\\\:;',\\.\\?/~`\\-\\+<>&\"]*)\\s*)"
"ITR.ITR1.FilingStatus.OptOutNewTaxRegime","object","","pattern=Y|N"
"ITR.ITR1.FilingStatus.SeventhProvisio139","string","","pattern=|(\\s*([\\w\\d_=!@#$%\\^*\\(\\){}\\[\\]\\|\\\\:;',\\.\\?/~`\\-\\+<>&\"][\\s\\w\\d_=!@#$%\\^*\\(\\){}\\[\\]\\|\\\\:;',\\.\\?/~`\\-\\+<>&\"]*)\\s*)"
"ITR.ITR1.FilingStatus.SeventhProvisio139","object","","pattern=Y|N"
"ITR.ITR1.FilingStatus.IncrExpAggAmt2LkTrvFrgnCntryFlg","string","","pattern=|(\\s*([\\w\\d_=!@#$%\\^*\\(\\){}\\[\\]\\|\\\\:;',\\.\\?/~`\\-\\+<>&\"][\\s\\w\\d_=!@#$%\\^*\\(\\){}\\[\\]\\|\\\\:;',\\.\\?/~`\\-\\+<>&\"]*)\\s*)"
"ITR.ITR1.FilingStatus.IncrExpAggAmt2LkTrvFrgnCntryFlg","object","","pattern=Y|N"
"ITR.ITR1.FilingStatus.AmtSeventhProvisio139ii","integer","N","minimum=200000;maximum=99999999999999"
"ITR.ITR1.FilingStatus.IncrExpAggAmt1LkElctrctyPrYrFlg","string","","pattern=|(\\s*([\\w\\d_=!@#$%\\^*\\(\\){}\\[\\]\\|\\\\:;',\\.\\?/~`\\-\\+<>&\"][\\s\\w\\d_=!@#$%\\^*\\(\\){}\\[\\]\\|\\\\:;',\\.\\?/~`\\-\\+<>&\"]*)\\s*)"
"ITR.ITR1.FilingStatus.IncrExpAggAmt1LkElctrctyPrYrFlg","object","","pattern=Y|N"
"ITR.ITR1.FilingStatus.AmtSeventhProvisio139iii","integer","N","minimum=100000;maximum=99999999999999"
"ITR.ITR1.FilingStatus.clauseiv7provisio139i","string","","pattern=|(\\s*([\\w\\d_=!@#$%\\^*\\(\\){}\\[\\]\\|\\\\:;',\\.\\?/~`\\-\\+<>&\"][\\s\\w\\d_=!@#$%\\^*\\(\\){}\\[\\]\\|\\\\:;',\\.\\?/~`\\-\\+<>&\"]*)\\s*)"
"ITR.ITR1.FilingStatus.clauseiv7provisio139i","object","","pattern=Y|N"
"ITR.ITR1.FilingStatus.clauseiv7provisio139iDtls[].clauseiv7provisio139iNature","string","Y","enum=[\"1\", \"2\"]"
"ITR.ITR1.FilingStatus.clauseiv7provisio139iDtls[].clauseiv7provisio139iAmount","integer","Y","minimum=0;maximum=99999999999999"
"ITR.ITR1.FilingStatus.ReceiptNo","string","N","pattern=[0-9]{15}"
"ITR.ITR1.FilingStatus.NoticeNo","string","","pattern=|(\\s*([\\w\\d_=!@#$%\\^*\\(\\){}\\[\\]\\|\\\\:;',\\.\\?/~`\\-\\+<>&\"][\\s\\w\\d_=!@#$%\\^*\\(\\){}\\[\\]\\|\\\\:;',\\.\\?/~`\\-\\+<>&\"]*)\\s*)"
"ITR.ITR1.FilingStatus.NoticeNo","object","","maxLength=100"
"ITR.ITR1.FilingStatus.OrigRetFiledDate","string","N","pattern=([12]\\d{3}-(0[1-9]|1[0-2])-(0[1-9]|[12]\\d|3[01]))"
"ITR.ITR1.FilingStatus.NoticeDateUnderSec","string","N","pattern=([12]\\d{3}-(0[1-9]|1[0-2])-(0[1-9]|[12]\\d|3[01]))"
"ITR.ITR1.FilingStatus.AsseseeRepFlg","string","","pattern=|(\\s*([\\w\\d_=!@#$%\\^*\\(\\){}\\[\\]\\|\\\\:;',\\.\\?/~`\\-\\+<>&\"][\\s\\w\\d_=!@#$%\\^*\\(\\){}\\[\\]\\|\\\\:;',\\.\\?/~`\\-\\+<>&\"]*)\\s*)"
"ITR.ITR1.FilingStatus.AsseseeRepFlg","enum","","enum=[\"Y\", \"N\"]"
"ITR.ITR1.FilingStatus.AssesseeRep.RepName","string","","pattern=|(\\s*([\\w\\d_=!@#$%\\^*\\(\\){}\\[\\]\\|\\\\:;',\\.\\?/~`\\-\\+<>&\"][\\s\\w\\d_=!@#$%\\^*\\(\\){}\\[\\]\\|\\\\:;',\\.\\?/~`\\-\\+<>&\"]*)\\s*)"
"ITR.ITR1.FilingStatus.AssesseeRep.RepName","object","","minLength=1;maxLength=125"
"ITR.ITR1.FilingStatus.AssesseeRep.RepEmailID","string","","pattern=|(\\s*([\\w\\d_=!@#$%\\^*\\(\\){}\\[\\]\\|\\\\:;',\\.\\?/~`\\-\\+<>&\"][\\s\\w\\d_=!@#$%\\^*\\(\\){}\\[\\]\\|\\\\:;',\\.\\?/~`\\-\\+<>&\"]*)\\s*)"
"ITR.ITR1.FilingStatus.AssesseeRep.RepEmailID","object","","maxLength=125;pattern=([\\.a-zA-Z0-9_\\-])+@([a-zA-Z0-9_\\-])+(([a-zA-Z0-9_\\-])*\\.([a-zA-Z0-9_\\-])+)+"
"ITR.ITR1.FilingStatus.AssesseeRep.CountryCodeRepMobileNo","integer","Y","pattern=[0-9]{1,5}"
"ITR.ITR1.FilingStatus.AssesseeRep.RepMobileNo","integer","Y","pattern=[1-9]{1}[0-9]{9}|[1-9]{1}[0-9]{4,9}"
"ITR.ITR1.FilingStatus.ItrFilingDueDate","string","","pattern=|(\\s*([\\w\\d_=!@#$%\\^*\\(\\){}\\[\\]\\|\\\\:;',\\.\\?/~`\\-\\+<>&\"][\\s\\w\\d_=!@#$%\\^*\\(\\){}\\[\\]\\|\\\\:;',\\.\\?/~`\\-\\+<>&\"]*)\\s*)"
"ITR.ITR1.FilingStatus.ItrFilingDueDate","object","","minLength=9;maxLength=10;pattern=2026-07-31"
"ITR.ITR1.ITR1_IncomeDeductions.GrossSalary","integer","Y","minimum=0;maximum=99999999999999"
"ITR.ITR1.ITR1_IncomeDeductions.Salary","integer","N","minimum=0;maximum=99999999999999"
"ITR.ITR1.ITR1_IncomeDeductions.PerquisitesValue","integer","N","minimum=0;maximum=99999999999999"
"ITR.ITR1.ITR1_IncomeDeductions.ProfitsInSalary","integer","N","minimum=0;maximum=99999999999999"
"ITR.ITR1.ITR1_IncomeDeductions.AllwncExemptUs10.AllwncExemptUs10Dtls[].SalNatureDesc","string","","pattern=|(\\s*([\\w\\d_=!@#$%\\^*\\(\\){}\\[\\]\\|\\\\:;',\\.\\?/~`\\-\\+<>&\"][\\s\\w\\d_=!@#$%\\^*\\(\\){}\\[\\]\\|\\\\:;',\\.\\?/~`\\-\\+<>&\"]*)\\s*)"
"ITR.ITR1.ITR1_IncomeDeductions.AllwncExemptUs10.AllwncExemptUs10Dtls[].SalNatureDesc","enum","","enum=[\"10(5)\", \"10(6)\", \"10(7)\", \"10(10)\", \"10(10A)\", \"10(10AA)\", \"10(10B)(i)\", \"10(10B)(ii)\", \"...\"]"
"ITR.ITR1.ITR1_IncomeDeductions.AllwncExemptUs10.AllwncExemptUs10Dtls[].SalOthAmount","integer","Y","minimum=0;maximum=99999999999999"
"ITR.ITR1.ITR1_IncomeDeductions.AllwncExemptUs10.TotalAllwncExemptUs10","integer","Y","minimum=0;maximum=99999999999999;default=0"
"ITR.ITR1.ITR1_IncomeDeductions.NetSalary","integer","Y","minimum=0;maximum=99999999999999"
"ITR.ITR1.ITR1_IncomeDeductions.DeductionUs16","integer","Y","minimum=0;maximum=99999999999999"
"ITR.ITR1.ITR1_IncomeDeductions.DeductionUs16ia","integer","N","minimum=0;maximum=75000"
"ITR.ITR1.ITR1_IncomeDeductions.EntertainmentAlw16ii","integer","N","minimum=0;maximum=5000"
"ITR.ITR1.ITR1_IncomeDeductions.ProfessionalTaxUs16iii","integer","N","minimum=0;maximum=5000"
"ITR.ITR1.ITR1_IncomeDeductions.IncomeFromSal","integer","Y","minimum=0;maximum=99999999999999;default=0"
"ITR.ITR1.ITR1_IncomeDeductions.PropertyDetails[].HPSNo","integer","Y",""
"ITR.ITR1.ITR1_IncomeDeductions.PropertyDetails[].AddressDetailWithZipCode.AddrDetail","string","","pattern=|(\\s*([\\w\\d_=!@#$%\\^*\\(\\){}\\[\\]\\|\\\\:;',\\.\\?/~`\\-\\+<>&\"][\\s\\w\\d_=!@#$%\\^*\\(\\){}\\[\\]\\|\\\\:;',\\.\\?/~`\\-\\+<>&\"]*)\\s*)"
"ITR.ITR1.ITR1_IncomeDeductions.PropertyDetails[].AddressDetailWithZipCode.AddrDetail","object","","minLength=1;maxLength=50"
"ITR.ITR1.ITR1_IncomeDeductions.PropertyDetails[].AddressDetailWithZipCode.CityOrTownOrDistrict","string","","pattern=|(\\s*([\\w\\d_=!@#$%\\^*\\(\\){}\\[\\]\\|\\\\:;',\\.\\?/~`\\-\\+<>&\"][\\s\\w\\d_=!@#$%\\^*\\(\\){}\\[\\]\\|\\\\:;',\\.\\?/~`\\-\\+<>&\"]*)\\s*)"
"ITR.ITR1.ITR1_IncomeDeductions.PropertyDetails[].AddressDetailWithZipCode.CityOrTownOrDistrict","object","","minLength=1;maxLength=50"
"ITR.ITR1.ITR1_IncomeDeductions.PropertyDetails[].AddressDetailWithZipCode.StateCode","string","","pattern=|(\\s*([\\w\\d_=!@#$%\\^*\\(\\){}\\[\\]\\|\\\\:;',\\.\\?/~`\\-\\+<>&\"][\\s\\w\\d_=!@#$%\\^*\\(\\){}\\[\\]\\|\\\\:;',\\.\\?/~`\\-\\+<>&\"]*)\\s*)"
"ITR.ITR1.ITR1_IncomeDeductions.PropertyDetails[].AddressDetailWithZipCode.StateCode","enum","","enum=[\"01\", \"02\", \"03\", \"04\", \"05\", \"06\", \"07\", \"08\", \"...\"]"
"ITR.ITR1.ITR1_IncomeDeductions.PropertyDetails[].AddressDetailWithZipCode.CountryCode","string","","pattern=|(\\s*([\\w\\d_=!@#$%\\^*\\(\\){}\\[\\]\\|\\\\:;',\\.\\?/~`\\-\\+<>&\"][\\s\\w\\d_=!@#$%\\^*\\(\\){}\\[\\]\\|\\\\:;',\\.\\?/~`\\-\\+<>&\"]*)\\s*)"
"ITR.ITR1.ITR1_IncomeDeductions.PropertyDetails[].AddressDetailWithZipCode.CountryCode","enum","","enum=[\"93\", \"1001\", \"355\", \"213\", \"684\", \"376\", \"244\", \"1264\", \"...\"]"
"ITR.ITR1.ITR1_IncomeDeductions.PropertyDetails[].AddressDetailWithZipCode.PinCode","integer","N","minimum=100000;maximum=999999;pattern=[1-9]{1}[0-9]{5}"
"ITR.ITR1.ITR1_IncomeDeductions.PropertyDetails[].AddressDetailWithZipCode.ZipCode","string","","pattern=|(\\s*([\\w\\d_=!@#$%\\^*\\(\\){}\\[\\]\\|\\\\:;',\\.\\?/~`\\-\\+<>&\"][\\s\\w\\d_=!@#$%\\^*\\(\\){}\\[\\]\\|\\\\:;',\\.\\?/~`\\-\\+<>&\"]*)\\s*)"
"ITR.ITR1.ITR1_IncomeDeductions.PropertyDetails[].AddressDetailWithZipCode.ZipCode","object","","maxLength=8"
"ITR.ITR1.ITR1_IncomeDeductions.PropertyDetails[].PropertyOwner","string","","pattern=|(\\s*([\\w\\d_=!@#$%\\^*\\(\\){}\\[\\]\\|\\\\:;',\\.\\?/~`\\-\\+<>&\"][\\s\\w\\d_=!@#$%\\^*\\(\\){}\\[\\]\\|\\\\:;',\\.\\?/~`\\-\\+<>&\"]*)\\s*)"
"ITR.ITR1.ITR1_IncomeDeductions.PropertyDetails[].PropertyOwner","enum","","enum=[\"SE\", \"MI\", \"SP\", \"OT\"]"
"ITR.ITR1.ITR1_IncomeDeductions.PropertyDetails[].PropertyOwnerOther","string","","pattern=|(\\s*([\\w\\d_=!@#$%\\^*\\(\\){}\\[\\]\\|\\\\:;',\\.\\?/~`\\-\\+<>&\"][\\s\\w\\d_=!@#$%\\^*\\(\\){}\\[\\]\\|\\\\:;',\\.\\?/~`\\-\\+<>&\"]*)\\s*)"
"ITR.ITR1.ITR1_IncomeDeductions.PropertyDetails[].PropertyOwnerOther","object","","maxLength=50"
"ITR.ITR1.ITR1_IncomeDeductions.PropertyDetails[].PropCoOwnedFlg","string","","pattern=|(\\s*([\\w\\d_=!@#$%\\^*\\(\\){}\\[\\]\\|\\\\:;',\\.\\?/~`\\-\\+<>&\"][\\s\\w\\d_=!@#$%\\^*\\(\\){}\\[\\]\\|\\\\:;',\\.\\?/~`\\-\\+<>&\"]*)\\s*)"
"ITR.ITR1.ITR1_IncomeDeductions.PropertyDetails[].PropCoOwnedFlg","enum","","enum=[\"YES\", \"NO\"]"
"ITR.ITR1.ITR1_IncomeDeductions.PropertyDetails[].AsseseeShareProperty","number","N","minimum=0;maximum=100"
"ITR.ITR1.ITR1_IncomeDeductions.PropertyDetails[].CoOwners[].CoOwnersSNo","integer","Y","minimum=1;maximum=99999999999999"
"ITR.ITR1.ITR1_IncomeDeductions.PropertyDetails[].CoOwners[].NameCoOwner","string","","pattern=|(\\s*([\\w\\d_=!@#$%\\^*\\(\\){}\\[\\]\\|\\\\:;',\\.\\?/~`\\-\\+<>&\"][\\s\\w\\d_=!@#$%\\^*\\(\\){}\\[\\]\\|\\\\:;',\\.\\?/~`\\-\\+<>&\"]*)\\s*)"
"ITR.ITR1.ITR1_IncomeDeductions.PropertyDetails[].CoOwners[].NameCoOwner","object","","minLength=1;maxLength=125"
"ITR.ITR1.ITR1_IncomeDeductions.PropertyDetails[].CoOwners[].PAN_CoOwner","string","","pattern=|(\\s*([\\w\\d_=!@#$%\\^*\\(\\){}\\[\\]\\|\\\\:;',\\.\\?/~`\\-\\+<>&\"][\\s\\w\\d_=!@#$%\\^*\\(\\){}\\[\\]\\|\\\\:;',\\.\\?/~`\\-\\+<>&\"]*)\\s*)"
"ITR.ITR1.ITR1_IncomeDeductions.PropertyDetails[].CoOwners[].PAN_CoOwner","object","","minLength=10;maxLength=10;pattern=[A-Z]{5}[0-9]{4}[A-Z]"
"ITR.ITR1.ITR1_IncomeDeductions.PropertyDetails[].CoOwners[].Aadhaar_CoOwner","string","","pattern=|(\\s*([\\w\\d_=!@#$%\\^*\\(\\){}\\[\\]\\|\\\\:;',\\.\\?/~`\\-\\+<>&\"][\\s\\w\\d_=!@#$%\\^*\\(\\){}\\[\\]\\|\\\\:;',\\.\\?/~`\\-\\+<>&\"]*)\\s*)"
"ITR.ITR1.ITR1_IncomeDeductions.PropertyDetails[].CoOwners[].Aadhaar_CoOwner","object","","pattern=[0-9]{12}"
"ITR.ITR1.ITR1_IncomeDeductions.PropertyDetails[].CoOwners[].PercentShareProperty","number","N","minimum=0;maximum=100"
"ITR.ITR1.ITR1_IncomeDeductions.PropertyDetails[].ifLetOut","string","","pattern=|(\\s*([\\w\\d_=!@#$%\\^*\\(\\){}\\[\\]\\|\\\\:;',\\.\\?/~`\\-\\+<>&\"][\\s\\w\\d_=!@#$%\\^*\\(\\){}\\[\\]\\|\\\\:;',\\.\\?/~`\\-\\+<>&\"]*)\\s*)"
"ITR.ITR1.ITR1_IncomeDeductions.PropertyDetails[].ifLetOut","enum","","maxLength=1;enum=[\"L\", \"D\", \"S\"];default=Y"
"ITR.ITR1.ITR1_IncomeDeductions.PropertyDetails[].TenantDetails[].TenantSNo","integer","Y","minimum=1;maximum=99999999999999"
"ITR.ITR1.ITR1_IncomeDeductions.PropertyDetails[].TenantDetails[].NameofTenant","string","","pattern=|(\\s*([\\w\\d_=!@#$%\\^*\\(\\){}\\[\\]\\|\\\\:;',\\.\\?/~`\\-\\+<>&\"][\\s\\w\\d_=!@#$%\\^*\\(\\){}\\[\\]\\|\\\\:;',\\.\\?/~`\\-\\+<>&\"]*)\\s*)"
"ITR.ITR1.ITR1_IncomeDeductions.PropertyDetails[].TenantDetails[].NameofTenant","object","","minLength=1;maxLength=125"
"ITR.ITR1.ITR1_IncomeDeductions.PropertyDetails[].TenantDetails[].PANofTenant","string","","pattern=|(\\s*([\\w\\d_=!@#$%\\^*\\(\\){}\\[\\]\\|\\\\:;',\\.\\?/~`\\-\\+<>&\"][\\s\\w\\d_=!@#$%\\^*\\(\\){}\\[\\]\\|\\\\:;',\\.\\?/~`\\-\\+<>&\"]*)\\s*)"
"ITR.ITR1.ITR1_IncomeDeductions.PropertyDetails[].TenantDetails[].PANofTenant","object","","pattern=[A-Z]{5}[0-9]{4}[A-Z]"
"ITR.ITR1.ITR1_IncomeDeductions.PropertyDetails[].TenantDetails[].AadhaarofTenant","string","","pattern=|(\\s*([\\w\\d_=!@#$%\\^*\\(\\){}\\[\\]\\|\\\\:;',\\.\\?/~`\\-\\+<>&\"][\\s\\w\\d_=!@#$%\\^*\\(\\){}\\[\\]\\|\\\\:;',\\.\\?/~`\\-\\+<>&\"]*)\\s*)"
"ITR.ITR1.ITR1_IncomeDeductions.PropertyDetails[].TenantDetails[].AadhaarofTenant","object","","pattern=[0-9]{12}"
"ITR.ITR1.ITR1_IncomeDeductions.PropertyDetails[].TenantDetails[].PANTANofTenant","string","","pattern=|(\\s*([\\w\\d_=!@#$%\\^*\\(\\){}\\[\\]\\|\\\\:;',\\.\\?/~`\\-\\+<>&\"][\\s\\w\\d_=!@#$%\\^*\\(\\){}\\[\\]\\|\\\\:;',\\.\\?/~`\\-\\+<>&\"]*)\\s*)"
"ITR.ITR1.ITR1_IncomeDeductions.PropertyDetails[].TenantDetails[].PANTANofTenant","object","","pattern=[A-Z]{4}[0-9]{5}[A-Z]|[A-Z]{5}[0-9]{4}[A-Z]"
"ITR.ITR1.ITR1_IncomeDeductions.PropertyDetails[].Rentdetails.AnnualLetableValue","integer","Y","minimum=0;maximum=99999999999999;default=0"
"ITR.ITR1.ITR1_IncomeDeductions.PropertyDetails[].Rentdetails.RentNotRealized","integer","N","minimum=0;maximum=99999999999999;default=0"
"ITR.ITR1.ITR1_IncomeDeductions.PropertyDetails[].Rentdetails.LocalTaxes","integer","N","minimum=0;maximum=99999999999999;default=0"
"ITR.ITR1.ITR1_IncomeDeductions.PropertyDetails[].Rentdetails.TotalUnrealizedAndTax","integer","Y","minimum=0;maximum=99999999999999;default=0"
"ITR.ITR1.ITR1_IncomeDeductions.PropertyDetails[].Rentdetails.BalanceALV","integer","Y","minimum=0;maximum=99999999999999;default=0"
"ITR.ITR1.ITR1_IncomeDeductions.PropertyDetails[].Rentdetails.AnnualOfPropOwned","integer","Y","minimum=0;maximum=99999999999999;default=0"
"ITR.ITR1.ITR1_IncomeDeductions.PropertyDetails[].Rentdetails.ThirtyPercentOfBalance","integer","Y","minimum=0;maximum=99999999999999;default=0"
"ITR.ITR1.ITR1_IncomeDeductions.PropertyDetails[].Rentdetails.IntOnBorwCap","integer","Y","minimum=0;maximum=99999999999999;default=0"
"ITR.ITR1.ITR1_IncomeDeductions.PropertyDetails[].Rentdetails.Section24B.Section24BDtls[].LoanTknFrom","string","Y","enum=[\"B\", \"I\"]"
"ITR.ITR1.ITR1_IncomeDeductions.PropertyDetails[].Rentdetails.Section24B.Section24BDtls[].BankOrInstnName","string","","pattern=|(\\s*([\\w\\d_=!@#$%\\^*\\(\\){}\\[\\]\\|\\\\:;',\\.\\?/~`\\-\\+<>&\"][\\s\\w\\d_=!@#$%\\^*\\(\\){}\\[\\]\\|\\\\:;',\\.\\?/~`\\-\\+<>&\"]*)\\s*)"
"ITR.ITR1.ITR1_IncomeDeductions.PropertyDetails[].Rentdetails.Section24B.Section24BDtls[].BankOrInstnName","object","","minLength=1;maxLength=125"
"ITR.ITR1.ITR1_IncomeDeductions.PropertyDetails[].Rentdetails.Section24B.Section24BDtls[].LoanAccNoOfBankOrInstnRefNo","string","","pattern=.*[0-9]"
"ITR.ITR1.ITR1_IncomeDeductions.PropertyDetails[].Rentdetails.Section24B.Section24BDtls[].LoanAccNoOfBankOrInstnRefNo","object","","pattern=.*[1-9].*"
"ITR.ITR1.ITR1_IncomeDeductions.PropertyDetails[].Rentdetails.Section24B.Section24BDtls[].LoanAccNoOfBankOrInstnRefNo","object","","minLength=1;maxLength=20;pattern=[a-zA-Z0-9]([/-]?(((\\d*[1-9]\\d*)*[a-zA-Z/-])|(\\d*[1-9]\\d*[a-zA-Z]*))+)*[0-9]*"
"ITR.ITR1.ITR1_IncomeDeductions.PropertyDetails[].Rentdetails.Section24B.Section24BDtls[].DateofLoan","string","Y","pattern=([12]\\d{3}-(0[1-9]|1[0-2])-(0[1-9]|[12]\\d|3[01]))"
"ITR.ITR1.ITR1_IncomeDeductions.PropertyDetails[].Rentdetails.Section24B.Section24BDtls[].TotalLoanAmt","integer","Y","minimum=0;maximum=99999999999999;default=0"
"ITR.ITR1.ITR1_IncomeDeductions.PropertyDetails[].Rentdetails.Section24B.Section24BDtls[].LoanOutstndngAmt","integer","Y","minimum=0;maximum=99999999999999;default=0"
"ITR.ITR1.ITR1_IncomeDeductions.PropertyDetails[].Rentdetails.Section24B.Section24BDtls[].InterestUs24B","integer","Y","minimum=0;maximum=99999999999999;default=0"
"ITR.ITR1.ITR1_IncomeDeductions.PropertyDetails[].Rentdetails.Section24B.TotalInterestUs24B","integer","Y","minimum=0;maximum=99999999999999;default=0"
"ITR.ITR1.ITR1_IncomeDeductions.PropertyDetails[].Rentdetails.TotalDeduct","integer","Y","minimum=0;maximum=99999999999999;default=0"
"ITR.ITR1.ITR1_IncomeDeductions.PropertyDetails[].Rentdetails.ArrearsUnrealizedRentRcvd","integer","N","minimum=0;maximum=99999999999999;default=0"
"ITR.ITR1.ITR1_IncomeDeductions.PropertyDetails[].Rentdetails.IncomeOfHP","integer","Y","minimum=-99999999999999;maximum=99999999999999;default=0"
"ITR.ITR1.ITR1_IncomeDeductions.TotalIncomeChargeableUnHP","integer","N","maximum=99999999999999;default=0"
"ITR.ITR1.ITR1_IncomeDeductions.IncomeOthSrc","integer","Y","minimum=0;maximum=99999999999999;default=0"
"ITR.ITR1.ITR1_IncomeDeductions.OthersInc.OthersIncDtlsOthSrc[].OthSrcNatureDesc","string","","pattern=|(\\s*([\\w\\d_=!@#$%\\^*\\(\\){}\\[\\]\\|\\\\:;',\\.\\?/~`\\-\\+<>&\"][\\s\\w\\d_=!@#$%\\^*\\(\\){}\\[\\]\\|\\\\:;',\\.\\?/~`\\-\\+<>&\"]*)\\s*)"
"ITR.ITR1.ITR1_IncomeDeductions.OthersInc.OthersIncDtlsOthSrc[].OthSrcNatureDesc","enum","","enum=[\"SAV\", \"IFD\", \"TAX\", \"FAP\", \"DIV\", \"10(11)(iP)\", \"10(11)(iiP)\", \"10(12)(iP)\", \"...\"]"
"ITR.ITR1.ITR1_IncomeDeductions.OthersInc.OthersIncDtlsOthSrc[].OthSrcOthNatOfInc","string","","pattern=|(\\s*([\\w\\d_=!@#$%\\^*\\(\\){}\\[\\]\\|\\\\:;',\\.\\?/~`\\-\\+<>&\"][\\s\\w\\d_=!@#$%\\^*\\(\\){}\\[\\]\\|\\\\:;',\\.\\?/~`\\-\\+<>&\"]*)\\s*)"
"ITR.ITR1.ITR1_IncomeDeductions.OthersInc.OthersIncDtlsOthSrc[].OthSrcOthNatOfInc","object","","maxLength=125"
"ITR.ITR1.ITR1_IncomeDeductions.OthersInc.OthersIncDtlsOthSrc[].OthSrcOthAmount","integer","Y","minimum=0;maximum=99999999999999"
"ITR.ITR1.ITR1_IncomeDeductions.OthersInc.OthersIncDtlsOthSrc[].DividendInc.DateRange.Upto15Of6","integer","Y","minimum=0;maximum=99999999999999"
"ITR.ITR1.ITR1_IncomeDeductions.OthersInc.OthersIncDtlsOthSrc[].DividendInc.DateRange.Upto15Of9","integer","Y","minimum=0;maximum=99999999999999"
"ITR.ITR1.ITR1_IncomeDeductions.OthersInc.OthersIncDtlsOthSrc[].DividendInc.DateRange.Up16Of9To15Of12","integer","Y","minimum=0;maximum=99999999999999"
"ITR.ITR1.ITR1_IncomeDeductions.OthersInc.OthersIncDtlsOthSrc[].DividendInc.DateRange.Up16Of12To15Of3","integer","Y","minimum=0;maximum=99999999999999"
"ITR.ITR1.ITR1_IncomeDeductions.OthersInc.OthersIncDtlsOthSrc[].DividendInc.DateRange.Up16Of3To31Of3","integer","Y","minimum=0;maximum=99999999999999"
"ITR.ITR1.ITR1_IncomeDeductions.DeductionUs57iia","integer","N","minimum=0;maximum=25000"
"ITR.ITR1.ITR1_IncomeDeductions.GrossTotIncome","integer","Y","maximum=99999999999999;default=0"
"ITR.ITR1.ITR1_IncomeDeductions.GrossTotIncomeIncLTCG112A","integer","Y","maximum=99999999999999;default=0"
"ITR.ITR1.ITR1_IncomeDeductions.UsrDeductUndChapVIA.Section80C","integer","Y","minimum=0;maximum=99999999999999"
"ITR.ITR1.ITR1_IncomeDeductions.UsrDeductUndChapVIA.Section80CCC","integer","Y","minimum=0;maximum=99999999999999"
"ITR.ITR1.ITR1_IncomeDeductions.UsrDeductUndChapVIA.PensionContribution80CCC[].TypeofIdentifier","string","Y","enum=[\"PRAN\", \"OTHPRAN\"]"
"ITR.ITR1.ITR1_IncomeDeductions.UsrDeductUndChapVIA.PensionContribution80CCC[].NameofIdentifier","string","","pattern=|(\\s*([\\w\\d_=!@#$%\\^*\\(\\){}\\[\\]\\|\\\\:;',\\.\\?/~`\\-\\+<>&\"][\\s\\w\\d_=!@#$%\\^*\\(\\){}\\[\\]\\|\\\\:;',\\.\\?/~`\\-\\+<>&\"]*)\\s*)"
"ITR.ITR1.ITR1_IncomeDeductions.UsrDeductUndChapVIA.PensionContribution80CCC[].NameofIdentifier","object","","minLength=1;maxLength=125"
"ITR.ITR1.ITR1_IncomeDeductions.UsrDeductUndChapVIA.PensionContribution80CCC[].Amount","integer","Y","minimum=0;maximum=99999999999999"
"ITR.ITR1.ITR1_IncomeDeductions.UsrDeductUndChapVIA.Section80CCDEmployeeOrSE","integer","Y","minimum=0;maximum=99999999999999"
"ITR.ITR1.ITR1_IncomeDeductions.UsrDeductUndChapVIA.Section80CCD1B","integer","Y","minimum=0;maximum=99999999999999"
"ITR.ITR1.ITR1_IncomeDeductions.UsrDeductUndChapVIA.Section80CCDEmployer","integer","Y","minimum=0;maximum=99999999999999"
"ITR.ITR1.ITR1_IncomeDeductions.UsrDeductUndChapVIA.PRANDtls[].PRANNum","string","N","pattern=[0-9]{12}"
"ITR.ITR1.ITR1_IncomeDeductions.UsrDeductUndChapVIA.Section80D","integer","Y","minimum=0;maximum=99999999999999"
"ITR.ITR1.ITR1_IncomeDeductions.UsrDeductUndChapVIA.Section80DD","integer","Y","minimum=0;maximum=99999999999999"
"ITR.ITR1.ITR1_IncomeDeductions.UsrDeductUndChapVIA.Section80DDBUsrType","string","","pattern=|(\\s*([\\w\\d_=!@#$%\\^*\\(\\){}\\[\\]\\|\\\\:;',\\.\\?/~`\\-\\+<>&\"][\\s\\w\\d_=!@#$%\\^*\\(\\){}\\[\\]\\|\\\\:;',\\.\\?/~`\\-\\+<>&\"]*)\\s*)"
"ITR.ITR1.ITR1_IncomeDeductions.UsrDeductUndChapVIA.Section80DDBUsrType","enum","","enum=[\"1\", \"2\"]"
"ITR.ITR1.ITR1_IncomeDeductions.UsrDeductUndChapVIA.NameOfSpecDisease80DDB","string","","pattern=|(\\s*([\\w\\d_=!@#$%\\^*\\(\\){}\\[\\]\\|\\\\:;',\\.\\?/~`\\-\\+<>&\"][\\s\\w\\d_=!@#$%\\^*\\(\\){}\\[\\]\\|\\\\:;',\\.\\?/~`\\-\\+<>&\"]*)\\s*)"
"ITR.ITR1.ITR1_IncomeDeductions.UsrDeductUndChapVIA.NameOfSpecDisease80DDB","enum","","enum=[\"a\", \"b\", \"c\", \"d\", \"e\", \"f\", \"g\", \"h\", \"...\"]"
"ITR.ITR1.ITR1_IncomeDeductions.UsrDeductUndChapVIA.Section80DDB","integer","Y","minimum=0;maximum=99999999999999"
"ITR.ITR1.ITR1_IncomeDeductions.UsrDeductUndChapVIA.Section80E","integer","Y","minimum=0;maximum=99999999999999"
"ITR.ITR1.ITR1_IncomeDeductions.UsrDeductUndChapVIA.Section80EE","integer","Y","minimum=0;maximum=99999999999999"
"ITR.ITR1.ITR1_IncomeDeductions.UsrDeductUndChapVIA.Section80EEA","integer","N","minimum=0;maximum=99999999999999"
"ITR.ITR1.ITR1_IncomeDeductions.UsrDeductUndChapVIA.Section80EEB","integer","N","minimum=0;maximum=99999999999999"
"ITR.ITR1.ITR1_IncomeDeductions.UsrDeductUndChapVIA.Section80G","integer","Y","minimum=0;maximum=99999999999999"
"ITR.ITR1.ITR1_IncomeDeductions.UsrDeductUndChapVIA.Section80GG","integer","Y","minimum=0;maximum=99999999999999"
"ITR.ITR1.ITR1_IncomeDeductions.UsrDeductUndChapVIA.Form10BAAckNum","string","N","maxLength=15"
"ITR.ITR1.ITR1_IncomeDeductions.UsrDeductUndChapVIA.Section80GGA","integer","Y","minimum=0;maximum=99999999999999"
"ITR.ITR1.ITR1_IncomeDeductions.UsrDeductUndChapVIA.Section80GGC","integer","Y","minimum=0;maximum=99999999999999"
"ITR.ITR1.ITR1_IncomeDeductions.UsrDeductUndChapVIA.Section80U","integer","Y","minimum=0;maximum=99999999999999"
"ITR.ITR1.ITR1_IncomeDeductions.UsrDeductUndChapVIA.Section80TTA","integer","Y","minimum=0;maximum=99999999999999"
"ITR.ITR1.ITR1_IncomeDeductions.UsrDeductUndChapVIA.Section80TTB","integer","Y","minimum=0;maximum=99999999999999"
"ITR.ITR1.ITR1_IncomeDeductions.UsrDeductUndChapVIA.AnyOthSec80CCH","integer","Y","minimum=0;maximum=99999999999999;default=0"
"ITR.ITR1.ITR1_IncomeDeductions.UsrDeductUndChapVIA.TotalChapVIADeductions","integer","Y","minimum=0;maximum=99999999999999"
"ITR.ITR1.ITR1_IncomeDeductions.DeductUndChapVIA.Section80C","integer","Y","minimum=0;maximum=150000"
"ITR.ITR1.ITR1_IncomeDeductions.DeductUndChapVIA.Section80CCC","integer","Y","minimum=0;maximum=150000"
"ITR.ITR1.ITR1_IncomeDeductions.DeductUndChapVIA.Section80CCDEmployeeOrSE","integer","Y","minimum=0;maximum=150000"
"ITR.ITR1.ITR1_IncomeDeductions.DeductUndChapVIA.Section80CCD1B","integer","Y","minimum=0;maximum=50000"
"ITR.ITR1.ITR1_IncomeDeductions.DeductUndChapVIA.Section80CCDEmployer","integer","Y","minimum=0;maximum=99999999999999"
"ITR.ITR1.ITR1_IncomeDeductions.DeductUndChapVIA.Section80D","integer","Y","minimum=0;maximum=100000"
"ITR.ITR1.ITR1_IncomeDeductions.DeductUndChapVIA.Section80DD","integer","Y","minimum=0;maximum=125000"
"ITR.ITR1.ITR1_IncomeDeductions.DeductUndChapVIA.Section80DDB","integer","Y","minimum=0;maximum=100000"
"ITR.ITR1.ITR1_IncomeDeductions.DeductUndChapVIA.Section80E","integer","Y","minimum=0;maximum=99999999999999"
"ITR.ITR1.ITR1_IncomeDeductions.DeductUndChapVIA.Section80EE","integer","Y","minimum=0;maximum=50000"
"ITR.ITR1.ITR1_IncomeDeductions.DeductUndChapVIA.Section80EEA","integer","Y","minimum=0;maximum=150000"
"ITR.ITR1.ITR1_IncomeDeductions.DeductUndChapVIA.Section80EEB","integer","Y","minimum=0;maximum=150000"
"ITR.ITR1.ITR1_IncomeDeductions.DeductUndChapVIA.Section80G","integer","Y","minimum=0;maximum=99999999999999"
"ITR.ITR1.ITR1_IncomeDeductions.DeductUndChapVIA.Section80GG","integer","Y","minimum=0;maximum=60000"
"ITR.ITR1.ITR1_IncomeDeductions.DeductUndChapVIA.Section80GGA","integer","Y","minimum=0;maximum=99999999999999"
"ITR.ITR1.ITR1_IncomeDeductions.DeductUndChapVIA.Section80GGC","integer","Y","minimum=0;maximum=99999999999999"
"ITR.ITR1.ITR1_IncomeDeductions.DeductUndChapVIA.Section80U","integer","Y","minimum=0;maximum=125000"
"ITR.ITR1.ITR1_IncomeDeductions.DeductUndChapVIA.Section80TTA","integer","Y","minimum=0;maximum=10000"
"ITR.ITR1.ITR1_IncomeDeductions.DeductUndChapVIA.Section80TTB","integer","Y","minimum=0;maximum=50000"
"ITR.ITR1.ITR1_IncomeDeductions.DeductUndChapVIA.AnyOthSec80CCH","integer","Y","minimum=0;maximum=288000;default=0"
"ITR.ITR1.ITR1_IncomeDeductions.DeductUndChapVIA.TotalChapVIADeductions","integer","Y","minimum=0;maximum=99999999999999"
"ITR.ITR1.ITR1_IncomeDeductions.TotalIncome","integer","Y","minimum=0;maximum=5125000;default=0"
"ITR.ITR1.ITR1_IncomeDeductions.ExemptIncAgriOthUs10.ExemptIncAgriOthUs10Dtls[].Category","string","","pattern=|(\\s*([\\w\\d_=!@#$%\\^*\\(\\){}\\[\\]\\|\\\\:;',\\.\\?/~`\\-\\+<>&\"][\\s\\w\\d_=!@#$%\\^*\\(\\){}\\[\\]\\|\\\\:;',\\.\\?/~`\\-\\+<>&\"]*)\\s*)"
"ITR.ITR1.ITR1_IncomeDeductions.ExemptIncAgriOthUs10.ExemptIncAgriOthUs10Dtls[].Category","enum","","enum=[\"AGRI\", \"GOVC\", \"ISI\", \"SSRA\", \"SRSC\", \"SRST\", \"SRPC\", \"OTH\"]"
"ITR.ITR1.ITR1_IncomeDeductions.ExemptIncAgriOthUs10.ExemptIncAgriOthUs10Dtls[].SubCategory","string","","pattern=|(\\s*([\\w\\d_=!@#$%\\^*\\(\\){}\\[\\]\\|\\\\:;',\\.\\?/~`\\-\\+<>&\"][\\s\\w\\d_=!@#$%\\^*\\(\\){}\\[\\]\\|\\\\:;',\\.\\?/~`\\-\\+<>&\"]*)\\s*)"
"ITR.ITR1.ITR1_IncomeDeductions.ExemptIncAgriOthUs10.ExemptIncAgriOthUs10Dtls[].SubCategory","enum","","enum=[\"10(1)\", \"10(30)\", \"10(31)\", \"10(10BB)\", \"10(10BC)\", \"10(17A)\", \"10(12AB)\", \"10(15)\", \"...\"]"
"ITR.ITR1.ITR1_IncomeDeductions.ExemptIncAgriOthUs10.ExemptIncAgriOthUs10Dtls[].Description","string","","pattern=|(\\s*([\\w\\d_=!@#$%\\^*\\(\\){}\\[\\]\\|\\\\:;',\\.\\?/~`\\-\\+<>&\"][\\s\\w\\d_=!@#$%\\^*\\(\\){}\\[\\]\\|\\\\:;',\\.\\?/~`\\-\\+<>&\"]*)\\s*)"
"ITR.ITR1.ITR1_IncomeDeductions.ExemptIncAgriOthUs10.ExemptIncAgriOthUs10Dtls[].Description","object","","minLength=1;maxLength=125"
"ITR.ITR1.ITR1_IncomeDeductions.ExemptIncAgriOthUs10.ExemptIncAgriOthUs10Dtls[].OthAmount","integer","Y","minimum=0;maximum=99999999999999"
"ITR.ITR1.ITR1_IncomeDeductions.ExemptIncAgriOthUs10.ExemptIncAgriOthUs10Total","integer","Y","minimum=0;maximum=99999999999999;default=0"
"ITR.ITR1.ITR1_TaxComputation.TotalTaxPayable","integer","Y","minimum=0;maximum=99999999999999;default=0"
"ITR.ITR1.ITR1_TaxComputation.Rebate87A","integer","Y","minimum=0;maximum=60000;default=0"
"ITR.ITR1.ITR1_TaxComputation.TaxPayableOnRebate","integer","Y","minimum=0;maximum=99999999999999;default=0"
"ITR.ITR1.ITR1_TaxComputation.EducationCess","integer","Y","minimum=0;maximum=99999999999999;default=0"
"ITR.ITR1.ITR1_TaxComputation.GrossTaxLiability","integer","Y","minimum=0;maximum=99999999999999;default=0"
"ITR.ITR1.ITR1_TaxComputation.Section89","integer","Y","minimum=0;maximum=99999999999999;default=0"
"ITR.ITR1.ITR1_TaxComputation.NetTaxLiability","integer","Y","minimum=0;maximum=99999999999999;default=0"
"ITR.ITR1.ITR1_TaxComputation.TotalIntrstPay","integer","Y","minimum=0;maximum=99999999999999;default=0"
"ITR.ITR1.ITR1_TaxComputation.IntrstPay.IntrstPayUs234A","integer","Y","minimum=0;maximum=99999999999999;default=0"
"ITR.ITR1.ITR1_TaxComputation.IntrstPay.IntrstPayUs234B","integer","Y","minimum=0;maximum=99999999999999;default=0"
"ITR.ITR1.ITR1_TaxComputation.IntrstPay.IntrstPayUs234C","integer","Y","minimum=0;maximum=99999999999999;default=0"
"ITR.ITR1.ITR1_TaxComputation.IntrstPay.LateFilingFee234F","integer","Y","minimum=0;maximum=5000;default=0"
"ITR.ITR1.ITR1_TaxComputation.IntrstPay.FeeFurnish234I","integer","N","minimum=0;maximum=5000;default=0"
"ITR.ITR1.ITR1_TaxComputation.TotTaxPlusIntrstPay","integer","Y","minimum=0;maximum=99999999999999;default=0"
"ITR.ITR1.TaxPaid.TaxesPaid.AdvanceTax","integer","Y","minimum=0;maximum=99999999999999"
"ITR.ITR1.TaxPaid.TaxesPaid.TDS","integer","Y","minimum=0;maximum=99999999999999"
"ITR.ITR1.TaxPaid.TaxesPaid.TCS","integer","Y","minimum=0;maximum=99999999999999"
"ITR.ITR1.TaxPaid.TaxesPaid.SelfAssessmentTax","integer","Y","minimum=0;maximum=99999999999999"
"ITR.ITR1.TaxPaid.TaxesPaid.TotalTaxesPaid","integer","Y","minimum=0;maximum=99999999999999"
"ITR.ITR1.TaxPaid.BalTaxPayable","integer","Y","minimum=0;maximum=99999999999999;default=0"
"ITR.ITR1.Refund.RefundDue","integer","Y","minimum=0;maximum=99999999999999;default=0"
"ITR.ITR1.Refund.BankAccountDtls.AddtnlBankDetails[].IFSCCode","string","","pattern=|(\\s*([\\w\\d_=!@#$%\\^*\\(\\){}\\[\\]\\|\\\\:;',\\.\\?/~`\\-\\+<>&\"][\\s\\w\\d_=!@#$%\\^*\\(\\){}\\[\\]\\|\\\\:;',\\.\\?/~`\\-\\+<>&\"]*)\\s*)"
"ITR.ITR1.Refund.BankAccountDtls.AddtnlBankDetails[].IFSCCode","object","","pattern=[A-Z]{4}[0][A-Z0-9]{6}"
"ITR.ITR1.Refund.BankAccountDtls.AddtnlBankDetails[].BankName","string","","pattern=|(\\s*([\\w\\d_=!@#$%\\^*\\(\\){}\\[\\]\\|\\\\:;',\\.\\?/~`\\-\\+<>&\"][\\s\\w\\d_=!@#$%\\^*\\(\\){}\\[\\]\\|\\\\:;',\\.\\?/~`\\-\\+<>&\"]*)\\s*)"
"ITR.ITR1.Refund.BankAccountDtls.AddtnlBankDetails[].BankName","object","","minLength=1;maxLength=125"
"ITR.ITR1.Refund.BankAccountDtls.AddtnlBankDetails[].BankAccountNo","string","","pattern=.*[0-9]"
"ITR.ITR1.Refund.BankAccountDtls.AddtnlBankDetails[].BankAccountNo","object","","pattern=.*[1-9].*"
"ITR.ITR1.Refund.BankAccountDtls.AddtnlBankDetails[].BankAccountNo","object","","minLength=1;maxLength=20;pattern=[a-zA-Z0-9]([/-]?(((\\d*[1-9]\\d*)*[a-zA-Z/-])|(\\d*[1-9]\\d*[a-zA-Z]*))+)*[0-9]*"
"ITR.ITR1.Refund.BankAccountDtls.AddtnlBankDetails[].AccountType","string","Y","enum=[\"SB\", \"CA\", \"CC\", \"OD\", \"NRO\", \"OTH\"]"
"ITR.ITR1.Refund.BankAccountDtls.AddtnlBankDetails[].UseForRefund","string","","pattern=|(\\s*([\\w\\d_=!@#$%\\^*\\(\\){}\\[\\]\\|\\\\:;',\\.\\?/~`\\-\\+<>&\"][\\s\\w\\d_=!@#$%\\^*\\(\\){}\\[\\]\\|\\\\:;',\\.\\?/~`\\-\\+<>&\"]*)\\s*)"
"ITR.ITR1.Refund.BankAccountDtls.AddtnlBankDetails[].UseForRefund","enum","","enum=[\"true\", \"false\"];default=false"
"ITR.ITR1.Schedule80G.Don100Percent.DoneeWithPan[].DoneeWithPanName","string","","pattern=|(\\s*([\\w\\d_=!@#$%\\^*\\(\\){}\\[\\]\\|\\\\:;',\\.\\?/~`\\-\\+<>&\"][\\s\\w\\d_=!@#$%\\^*\\(\\){}\\[\\]\\|\\\\:;',\\.\\?/~`\\-\\+<>&\"]*)\\s*)"
"ITR.ITR1.Schedule80G.Don100Percent.DoneeWithPan[].DoneeWithPanName","object","","minLength=1;maxLength=125"
"ITR.ITR1.Schedule80G.Don100Percent.DoneeWithPan[].DoneePAN","string","","pattern=|(\\s*([\\w\\d_=!@#$%\\^*\\(\\){}\\[\\]\\|\\\\:;',\\.\\?/~`\\-\\+<>&\"][\\s\\w\\d_=!@#$%\\^*\\(\\){}\\[\\]\\|\\\\:;',\\.\\?/~`\\-\\+<>&\"]*)\\s*)"
"ITR.ITR1.Schedule80G.Don100Percent.DoneeWithPan[].DoneePAN","object","","pattern=[A-Z]{5}[0-9]{4}[A-Z]"
"ITR.ITR1.Schedule80G.Don100Percent.DoneeWithPan[].ArnNbr","string","","pattern=|(\\s*([\\w\\d_=!@#$%\\^*\\(\\){}\\[\\]\\|\\\\:;',\\.\\?/~`\\-\\+<>&\"][\\s\\w\\d_=!@#$%\\^*\\(\\){}\\[\\]\\|\\\\:;',\\.\\?/~`\\-\\+<>&\"]*)\\s*)"
"ITR.ITR1.Schedule80G.Don100Percent.DoneeWithPan[].ArnNbr","object","","maxLength=25"
"ITR.ITR1.Schedule80G.Don100Percent.DoneeWithPan[].AddressDetail.AddrDetail","string","","pattern=|(\\s*([\\w\\d_=!@#$%\\^*\\(\\){}\\[\\]\\|\\\\:;',\\.\\?/~`\\-\\+<>&\"][\\s\\w\\d_=!@#$%\\^*\\(\\){}\\[\\]\\|\\\\:;',\\.\\?/~`\\-\\+<>&\"]*)\\s*)"
"ITR.ITR1.Schedule80G.Don100Percent.DoneeWithPan[].AddressDetail.AddrDetail","object","","minLength=1;maxLength=200"
"ITR.ITR1.Schedule80G.Don100Percent.DoneeWithPan[].AddressDetail.CityOrTownOrDistrict","string","","pattern=|(\\s*([\\w\\d_=!@#$%\\^*\\(\\){}\\[\\]\\|\\\\:;',\\.\\?/~`\\-\\+<>&\"][\\s\\w\\d_=!@#$%\\^*\\(\\){}\\[\\]\\|\\\\:;',\\.\\?/~`\\-\\+<>&\"]*)\\s*)"
"ITR.ITR1.Schedule80G.Don100Percent.DoneeWithPan[].AddressDetail.CityOrTownOrDistrict","object","","minLength=1;maxLength=50"
"ITR.ITR1.Schedule80G.Don100Percent.DoneeWithPan[].AddressDetail.StateCode","string","","pattern=|(\\s*([\\w\\d_=!@#$%\\^*\\(\\){}\\[\\]\\|\\\\:;',\\.\\?/~`\\-\\+<>&\"][\\s\\w\\d_=!@#$%\\^*\\(\\){}\\[\\]\\|\\\\:;',\\.\\?/~`\\-\\+<>&\"]*)\\s*)"
"ITR.ITR1.Schedule80G.Don100Percent.DoneeWithPan[].AddressDetail.StateCode","enum","","enum=[\"01\", \"02\", \"03\", \"04\", \"05\", \"06\", \"07\", \"08\", \"...\"]"
"ITR.ITR1.Schedule80G.Don100Percent.DoneeWithPan[].AddressDetail.PinCode","integer","Y","minimum=100000;maximum=999999;pattern=[1-9]{1}[0-9]{5}"
"ITR.ITR1.Schedule80G.Don100Percent.DoneeWithPan[].DonationAmtCash","integer","Y","minimum=0;maximum=99999999999999;default=0"
"ITR.ITR1.Schedule80G.Don100Percent.DoneeWithPan[].DonationAmtOtherMode","integer","Y","minimum=0;maximum=99999999999999;default=0"
"ITR.ITR1.Schedule80G.Don100Percent.DoneeWithPan[].TransactionRefNum","string","N","maxLength=50"
"ITR.ITR1.Schedule80G.Don100Percent.DoneeWithPan[].IFSCCode","string","","pattern=|(\\s*([\\w\\d_=!@#$%\\^*\\(\\){}\\[\\]\\|\\\\:;',\\.\\?/~`\\-\\+<>&\"][\\s\\w\\d_=!@#$%\\^*\\(\\){}\\[\\]\\|\\\\:;',\\.\\?/~`\\-\\+<>&\"]*)\\s*)"
"ITR.ITR1.Schedule80G.Don100Percent.DoneeWithPan[].IFSCCode","object","","maxLength=11;pattern=[A-Z]{4}[0][A-Z0-9]{6}"
"ITR.ITR1.Schedule80G.Don100Percent.DoneeWithPan[].DonationAmt","integer","Y","minimum=0;maximum=99999999999999;default=0"
"ITR.ITR1.Schedule80G.Don100Percent.DoneeWithPan[].EligibleDonationAmt","integer","Y","minimum=0;maximum=99999999999999;default=0"
"ITR.ITR1.Schedule80G.Don100Percent.TotDon100PercentCash","integer","Y","minimum=0;maximum=99999999999999;default=0"
"ITR.ITR1.Schedule80G.Don100Percent.TotDon100PercentOtherMode","integer","Y","minimum=0;maximum=99999999999999;default=0"
"ITR.ITR1.Schedule80G.Don100Percent.TotDon100Percent","integer","Y","minimum=0;maximum=99999999999999;default=0"
"ITR.ITR1.Schedule80G.Don100Percent.TotEligibleDon100Percent","integer","Y","minimum=0;maximum=99999999999999;default=0"
"ITR.ITR1.Schedule80G.Don50PercentNoApprReqd.DoneeWithPan[].DoneeWithPanName","string","","pattern=|(\\s*([\\w\\d_=!@#$%\\^*\\(\\){}\\[\\]\\|\\\\:;',\\.\\?/~`\\-\\+<>&\"][\\s\\w\\d_=!@#$%\\^*\\(\\){}\\[\\]\\|\\\\:;',\\.\\?/~`\\-\\+<>&\"]*)\\s*)"
"ITR.ITR1.Schedule80G.Don50PercentNoApprReqd.DoneeWithPan[].DoneeWithPanName","object","","minLength=1;maxLength=125"
"ITR.ITR1.Schedule80G.Don50PercentNoApprReqd.DoneeWithPan[].DoneePAN","string","","pattern=|(\\s*([\\w\\d_=!@#$%\\^*\\(\\){}\\[\\]\\|\\\\:;',\\.\\?/~`\\-\\+<>&\"][\\s\\w\\d_=!@#$%\\^*\\(\\){}\\[\\]\\|\\\\:;',\\.\\?/~`\\-\\+<>&\"]*)\\s*)"
"ITR.ITR1.Schedule80G.Don50PercentNoApprReqd.DoneeWithPan[].DoneePAN","object","","pattern=[A-Z]{5}[0-9]{4}[A-Z]"
"ITR.ITR1.Schedule80G.Don50PercentNoApprReqd.DoneeWithPan[].ArnNbr","string","","pattern=|(\\s*([\\w\\d_=!@#$%\\^*\\(\\){}\\[\\]\\|\\\\:;',\\.\\?/~`\\-\\+<>&\"][\\s\\w\\d_=!@#$%\\^*\\(\\){}\\[\\]\\|\\\\:;',\\.\\?/~`\\-\\+<>&\"]*)\\s*)"
"ITR.ITR1.Schedule80G.Don50PercentNoApprReqd.DoneeWithPan[].ArnNbr","object","","maxLength=25"
"ITR.ITR1.Schedule80G.Don50PercentNoApprReqd.DoneeWithPan[].AddressDetail.AddrDetail","string","","pattern=|(\\s*([\\w\\d_=!@#$%\\^*\\(\\){}\\[\\]\\|\\\\:;',\\.\\?/~`\\-\\+<>&\"][\\s\\w\\d_=!@#$%\\^*\\(\\){}\\[\\]\\|\\\\:;',\\.\\?/~`\\-\\+<>&\"]*)\\s*)"
"ITR.ITR1.Schedule80G.Don50PercentNoApprReqd.DoneeWithPan[].AddressDetail.AddrDetail","object","","minLength=1;maxLength=200"
"ITR.ITR1.Schedule80G.Don50PercentNoApprReqd.DoneeWithPan[].AddressDetail.CityOrTownOrDistrict","string","","pattern=|(\\s*([\\w\\d_=!@#$%\\^*\\(\\){}\\[\\]\\|\\\\:;',\\.\\?/~`\\-\\+<>&\"][\\s\\w\\d_=!@#$%\\^*\\(\\){}\\[\\]\\|\\\\:;',\\.\\?/~`\\-\\+<>&\"]*)\\s*)"
"ITR.ITR1.Schedule80G.Don50PercentNoApprReqd.DoneeWithPan[].AddressDetail.CityOrTownOrDistrict","object","","minLength=1;maxLength=50"
"ITR.ITR1.Schedule80G.Don50PercentNoApprReqd.DoneeWithPan[].AddressDetail.StateCode","string","","pattern=|(\\s*([\\w\\d_=!@#$%\\^*\\(\\){}\\[\\]\\|\\\\:;',\\.\\?/~`\\-\\+<>&\"][\\s\\w\\d_=!@#$%\\^*\\(\\){}\\[\\]\\|\\\\:;',\\.\\?/~`\\-\\+<>&\"]*)\\s*)"
"ITR.ITR1.Schedule80G.Don50PercentNoApprReqd.DoneeWithPan[].AddressDetail.StateCode","enum","","enum=[\"01\", \"02\", \"03\", \"04\", \"05\", \"06\", \"07\", \"08\", \"...\"]"
"ITR.ITR1.Schedule80G.Don50PercentNoApprReqd.DoneeWithPan[].AddressDetail.PinCode","integer","Y","minimum=100000;maximum=999999;pattern=[1-9]{1}[0-9]{5}"
"ITR.ITR1.Schedule80G.Don50PercentNoApprReqd.DoneeWithPan[].DonationAmtCash","integer","Y","minimum=0;maximum=99999999999999;default=0"
"ITR.ITR1.Schedule80G.Don50PercentNoApprReqd.DoneeWithPan[].DonationAmtOtherMode","integer","Y","minimum=0;maximum=99999999999999;default=0"
"ITR.ITR1.Schedule80G.Don50PercentNoApprReqd.DoneeWithPan[].TransactionRefNum","string","N","maxLength=50"
"ITR.ITR1.Schedule80G.Don50PercentNoApprReqd.DoneeWithPan[].IFSCCode","string","","pattern=|(\\s*([\\w\\d_=!@#$%\\^*\\(\\){}\\[\\]\\|\\\\:;',\\.\\?/~`\\-\\+<>&\"][\\s\\w\\d_=!@#$%\\^*\\(\\){}\\[\\]\\|\\\\:;',\\.\\?/~`\\-\\+<>&\"]*)\\s*)"
"ITR.ITR1.Schedule80G.Don50PercentNoApprReqd.DoneeWithPan[].IFSCCode","object","","maxLength=11;pattern=[A-Z]{4}[0][A-Z0-9]{6}"
"ITR.ITR1.Schedule80G.Don50PercentNoApprReqd.DoneeWithPan[].DonationAmt","integer","Y","minimum=0;maximum=99999999999999;default=0"
"ITR.ITR1.Schedule80G.Don50PercentNoApprReqd.DoneeWithPan[].EligibleDonationAmt","integer","Y","minimum=0;maximum=99999999999999;default=0"
"ITR.ITR1.Schedule80G.Don50PercentNoApprReqd.TotDon50PercentNoApprReqdCash","integer","Y","minimum=0;maximum=99999999999999;default=0"
"ITR.ITR1.Schedule80G.Don50PercentNoApprReqd.TotDon50PercentNoApprReqdOtherMode","integer","Y","minimum=0;maximum=99999999999999;default=0"
"ITR.ITR1.Schedule80G.Don50PercentNoApprReqd.TotDon50PercentNoApprReqd","integer","Y","minimum=0;maximum=99999999999999;default=0"
"ITR.ITR1.Schedule80G.Don50PercentNoApprReqd.TotEligibleDon50Percent","integer","Y","minimum=0;maximum=99999999999999;default=0"
"ITR.ITR1.Schedule80G.Don100PercentApprReqd.DoneeWithPan[].DoneeWithPanName","string","","pattern=|(\\s*([\\w\\d_=!@#$%\\^*\\(\\){}\\[\\]\\|\\\\:;',\\.\\?/~`\\-\\+<>&\"][\\s\\w\\d_=!@#$%\\^*\\(\\){}\\[\\]\\|\\\\:;',\\.\\?/~`\\-\\+<>&\"]*)\\s*)"
"ITR.ITR1.Schedule80G.Don100PercentApprReqd.DoneeWithPan[].DoneeWithPanName","object","","minLength=1;maxLength=125"
"ITR.ITR1.Schedule80G.Don100PercentApprReqd.DoneeWithPan[].DoneePAN","string","","pattern=|(\\s*([\\w\\d_=!@#$%\\^*\\(\\){}\\[\\]\\|\\\\:;',\\.\\?/~`\\-\\+<>&\"][\\s\\w\\d_=!@#$%\\^*\\(\\){}\\[\\]\\|\\\\:;',\\.\\?/~`\\-\\+<>&\"]*)\\s*)"
"ITR.ITR1.Schedule80G.Don100PercentApprReqd.DoneeWithPan[].DoneePAN","object","","pattern=[A-Z]{5}[0-9]{4}[A-Z]"
"ITR.ITR1.Schedule80G.Don100PercentApprReqd.DoneeWithPan[].ArnNbr","string","","pattern=|(\\s*([\\w\\d_=!@#$%\\^*\\(\\){}\\[\\]\\|\\\\:;',\\.\\?/~`\\-\\+<>&\"][\\s\\w\\d_=!@#$%\\^*\\(\\){}\\[\\]\\|\\\\:;',\\.\\?/~`\\-\\+<>&\"]*)\\s*)"
"ITR.ITR1.Schedule80G.Don100PercentApprReqd.DoneeWithPan[].ArnNbr","object","","maxLength=25"
"ITR.ITR1.Schedule80G.Don100PercentApprReqd.DoneeWithPan[].AddressDetail.AddrDetail","string","","pattern=|(\\s*([\\w\\d_=!@#$%\\^*\\(\\){}\\[\\]\\|\\\\:;',\\.\\?/~`\\-\\+<>&\"][\\s\\w\\d_=!@#$%\\^*\\(\\){}\\[\\]\\|\\\\:;',\\.\\?/~`\\-\\+<>&\"]*)\\s*)"
"ITR.ITR1.Schedule80G.Don100PercentApprReqd.DoneeWithPan[].AddressDetail.AddrDetail","object","","minLength=1;maxLength=200"
"ITR.ITR1.Schedule80G.Don100PercentApprReqd.DoneeWithPan[].AddressDetail.CityOrTownOrDistrict","string","","pattern=|(\\s*([\\w\\d_=!@#$%\\^*\\(\\){}\\[\\]\\|\\\\:;',\\.\\?/~`\\-\\+<>&\"][\\s\\w\\d_=!@#$%\\^*\\(\\){}\\[\\]\\|\\\\:;',\\.\\?/~`\\-\\+<>&\"]*)\\s*)"
"ITR.ITR1.Schedule80G.Don100PercentApprReqd.DoneeWithPan[].AddressDetail.CityOrTownOrDistrict","object","","minLength=1;maxLength=50"
"ITR.ITR1.Schedule80G.Don100PercentApprReqd.DoneeWithPan[].AddressDetail.StateCode","string","","pattern=|(\\s*([\\w\\d_=!@#$%\\^*\\(\\){}\\[\\]\\|\\\\:;',\\.\\?/~`\\-\\+<>&\"][\\s\\w\\d_=!@#$%\\^*\\(\\){}\\[\\]\\|\\\\:;',\\.\\?/~`\\-\\+<>&\"]*)\\s*)"
"ITR.ITR1.Schedule80G.Don100PercentApprReqd.DoneeWithPan[].AddressDetail.StateCode","enum","","enum=[\"01\", \"02\", \"03\", \"04\", \"05\", \"06\", \"07\", \"08\", \"...\"]"
"ITR.ITR1.Schedule80G.Don100PercentApprReqd.DoneeWithPan[].AddressDetail.PinCode","integer","Y","minimum=100000;maximum=999999;pattern=[1-9]{1}[0-9]{5}"
"ITR.ITR1.Schedule80G.Don100PercentApprReqd.DoneeWithPan[].DonationAmtCash","integer","Y","minimum=0;maximum=99999999999999;default=0"
"ITR.ITR1.Schedule80G.Don100PercentApprReqd.DoneeWithPan[].DonationAmtOtherMode","integer","Y","minimum=0;maximum=99999999999999;default=0"
"ITR.ITR1.Schedule80G.Don100PercentApprReqd.DoneeWithPan[].TransactionRefNum","string","N","maxLength=50"
"ITR.ITR1.Schedule80G.Don100PercentApprReqd.DoneeWithPan[].IFSCCode","string","","pattern=|(\\s*([\\w\\d_=!@#$%\\^*\\(\\){}\\[\\]\\|\\\\:;',\\.\\?/~`\\-\\+<>&\"][\\s\\w\\d_=!@#$%\\^*\\(\\){}\\[\\]\\|\\\\:;',\\.\\?/~`\\-\\+<>&\"]*)\\s*)"
"ITR.ITR1.Schedule80G.Don100PercentApprReqd.DoneeWithPan[].IFSCCode","object","","maxLength=11;pattern=[A-Z]{4}[0][A-Z0-9]{6}"
"ITR.ITR1.Schedule80G.Don100PercentApprReqd.DoneeWithPan[].DonationAmt","integer","Y","minimum=0;maximum=99999999999999;default=0"
"ITR.ITR1.Schedule80G.Don100PercentApprReqd.DoneeWithPan[].EligibleDonationAmt","integer","Y","minimum=0;maximum=99999999999999;default=0"
"ITR.ITR1.Schedule80G.Don100PercentApprReqd.TotDon100PercentApprReqdCash","integer","Y","minimum=0;maximum=99999999999999;default=0"
"ITR.ITR1.Schedule80G.Don100PercentApprReqd.TotDon100PercentApprReqdOtherMode","integer","Y","minimum=0;maximum=99999999999999;default=0"
"ITR.ITR1.Schedule80G.Don100PercentApprReqd.TotDon100PercentApprReqd","integer","Y","minimum=0;maximum=99999999999999;default=0"
"ITR.ITR1.Schedule80G.Don100PercentApprReqd.TotEligibleDon100PercentApprReqd","integer","Y","minimum=0;maximum=99999999999999;default=0"
"ITR.ITR1.Schedule80G.Don50PercentApprReqd.DoneeWithPan[].DoneeWithPanName","string","","pattern=|(\\s*([\\w\\d_=!@#$%\\^*\\(\\){}\\[\\]\\|\\\\:;',\\.\\?/~`\\-\\+<>&\"][\\s\\w\\d_=!@#$%\\^*\\(\\){}\\[\\]\\|\\\\:;',\\.\\?/~`\\-\\+<>&\"]*)\\s*)"
"ITR.ITR1.Schedule80G.Don50PercentApprReqd.DoneeWithPan[].DoneeWithPanName","object","","minLength=1;maxLength=125"
"ITR.ITR1.Schedule80G.Don50PercentApprReqd.DoneeWithPan[].DoneePAN","string","","pattern=|(\\s*([\\w\\d_=!@#$%\\^*\\(\\){}\\[\\]\\|\\\\:;',\\.\\?/~`\\-\\+<>&\"][\\s\\w\\d_=!@#$%\\^*\\(\\){}\\[\\]\\|\\\\:;',\\.\\?/~`\\-\\+<>&\"]*)\\s*)"
"ITR.ITR1.Schedule80G.Don50PercentApprReqd.DoneeWithPan[].DoneePAN","object","","pattern=[A-Z]{5}[0-9]{4}[A-Z]"
"ITR.ITR1.Schedule80G.Don50PercentApprReqd.DoneeWithPan[].ArnNbr","string","","pattern=|(\\s*([\\w\\d_=!@#$%\\^*\\(\\){}\\[\\]\\|\\\\:;',\\.\\?/~`\\-\\+<>&\"][\\s\\w\\d_=!@#$%\\^*\\(\\){}\\[\\]\\|\\\\:;',\\.\\?/~`\\-\\+<>&\"]*)\\s*)"
"ITR.ITR1.Schedule80G.Don50PercentApprReqd.DoneeWithPan[].ArnNbr","object","","maxLength=25"
"ITR.ITR1.Schedule80G.Don50PercentApprReqd.DoneeWithPan[].AddressDetail.AddrDetail","string","","pattern=|(\\s*([\\w\\d_=!@#$%\\^*\\(\\){}\\[\\]\\|\\\\:;',\\.\\?/~`\\-\\+<>&\"][\\s\\w\\d_=!@#$%\\^*\\(\\){}\\[\\]\\|\\\\:;',\\.\\?/~`\\-\\+<>&\"]*)\\s*)"
"ITR.ITR1.Schedule80G.Don50PercentApprReqd.DoneeWithPan[].AddressDetail.AddrDetail","object","","minLength=1;maxLength=200"
"ITR.ITR1.Schedule80G.Don50PercentApprReqd.DoneeWithPan[].AddressDetail.CityOrTownOrDistrict","string","","pattern=|(\\s*([\\w\\d_=!@#$%\\^*\\(\\){}\\[\\]\\|\\\\:;',\\.\\?/~`\\-\\+<>&\"][\\s\\w\\d_=!@#$%\\^*\\(\\){}\\[\\]\\|\\\\:;',\\.\\?/~`\\-\\+<>&\"]*)\\s*)"
"ITR.ITR1.Schedule80G.Don50PercentApprReqd.DoneeWithPan[].AddressDetail.CityOrTownOrDistrict","object","","minLength=1;maxLength=50"
"ITR.ITR1.Schedule80G.Don50PercentApprReqd.DoneeWithPan[].AddressDetail.StateCode","string","","pattern=|(\\s*([\\w\\d_=!@#$%\\^*\\(\\){}\\[\\]\\|\\\\:;',\\.\\?/~`\\-\\+<>&\"][\\s\\w\\d_=!@#$%\\^*\\(\\){}\\[\\]\\|\\\\:;',\\.\\?/~`\\-\\+<>&\"]*)\\s*)"
"ITR.ITR1.Schedule80G.Don50PercentApprReqd.DoneeWithPan[].AddressDetail.StateCode","enum","","enum=[\"01\", \"02\", \"03\", \"04\", \"05\", \"06\", \"07\", \"08\", \"...\"]"
"ITR.ITR1.Schedule80G.Don50PercentApprReqd.DoneeWithPan[].AddressDetail.PinCode","integer","Y","minimum=100000;maximum=999999;pattern=[1-9]{1}[0-9]{5}"
"ITR.ITR1.Schedule80G.Don50PercentApprReqd.DoneeWithPan[].DonationAmtCash","integer","Y","minimum=0;maximum=99999999999999;default=0"
"ITR.ITR1.Schedule80G.Don50PercentApprReqd.DoneeWithPan[].DonationAmtOtherMode","integer","Y","minimum=0;maximum=99999999999999;default=0"
"ITR.ITR1.Schedule80G.Don50PercentApprReqd.DoneeWithPan[].TransactionRefNum","string","N","maxLength=50"
"ITR.ITR1.Schedule80G.Don50PercentApprReqd.DoneeWithPan[].IFSCCode","string","","pattern=|(\\s*([\\w\\d_=!@#$%\\^*\\(\\){}\\[\\]\\|\\\\:;',\\.\\?/~`\\-\\+<>&\"][\\s\\w\\d_=!@#$%\\^*\\(\\){}\\[\\]\\|\\\\:;',\\.\\?/~`\\-\\+<>&\"]*)\\s*)"
"ITR.ITR1.Schedule80G.Don50PercentApprReqd.DoneeWithPan[].IFSCCode","object","","maxLength=11;pattern=[A-Z]{4}[0][A-Z0-9]{6}"
"ITR.ITR1.Schedule80G.Don50PercentApprReqd.DoneeWithPan[].DonationAmt","integer","Y","minimum=0;maximum=99999999999999;default=0"
"ITR.ITR1.Schedule80G.Don50PercentApprReqd.DoneeWithPan[].EligibleDonationAmt","integer","Y","minimum=0;maximum=99999999999999;default=0"
"ITR.ITR1.Schedule80G.Don50PercentApprReqd.TotDon50PercentApprReqdCash","integer","Y","minimum=0;maximum=99999999999999;default=0"
"ITR.ITR1.Schedule80G.Don50PercentApprReqd.TotDon50PercentApprReqdOtherMode","integer","Y","minimum=0;maximum=99999999999999;default=0"
"ITR.ITR1.Schedule80G.Don50PercentApprReqd.TotDon50PercentApprReqd","integer","Y","minimum=0;maximum=99999999999999;default=0"
"ITR.ITR1.Schedule80G.Don50PercentApprReqd.TotEligibleDon50PercentApprReqd","integer","Y","minimum=0;maximum=99999999999999;default=0"
"ITR.ITR1.Schedule80G.TotalDonationsUs80GCash","integer","Y","minimum=0;maximum=99999999999999;default=0"
"ITR.ITR1.Schedule80G.TotalDonationsUs80GOtherMode","integer","Y","minimum=0;maximum=99999999999999;default=0"
"ITR.ITR1.Schedule80G.TotalDonationsUs80G","integer","Y","minimum=0;maximum=99999999999999;default=0"
"ITR.ITR1.Schedule80G.TotalEligibleDonationsUs80G","integer","Y","minimum=0;maximum=99999999999999;default=0"
"ITR.ITR1.Schedule80GGA.DonationDtlsSciRsrchRuralDev[].RelevantClauseUndrDedClaimed","string","Y","enum=[\"80GGA2a\", \"80GGA2aa\", \"80GGA2b\", \"80GGA2bb\", \"80GGA2c\", \"80GGA2cc\", \"80GGA2d\", \"80GGA2e\"]"
"ITR.ITR1.Schedule80GGA.DonationDtlsSciRsrchRuralDev[].NameOfDonee","string","","pattern=|(\\s*([\\w\\d_=!@#$%\\^*\\(\\){}\\[\\]\\|\\\\:;',\\.\\?/~`\\-\\+<>&\"][\\s\\w\\d_=!@#$%\\^*\\(\\){}\\[\\]\\|\\\\:;',\\.\\?/~`\\-\\+<>&\"]*)\\s*)"
"ITR.ITR1.Schedule80GGA.DonationDtlsSciRsrchRuralDev[].NameOfDonee","object","","minLength=1;maxLength=125"
"ITR.ITR1.Schedule80GGA.DonationDtlsSciRsrchRuralDev[].AddressDetail.AddrDetail","string","","pattern=|(\\s*([\\w\\d_=!@#$%\\^*\\(\\){}\\[\\]\\|\\\\:;',\\.\\?/~`\\-\\+<>&\"][\\s\\w\\d_=!@#$%\\^*\\(\\){}\\[\\]\\|\\\\:;',\\.\\?/~`\\-\\+<>&\"]*)\\s*)"
"ITR.ITR1.Schedule80GGA.DonationDtlsSciRsrchRuralDev[].AddressDetail.AddrDetail","object","","minLength=1;maxLength=200"
"ITR.ITR1.Schedule80GGA.DonationDtlsSciRsrchRuralDev[].AddressDetail.CityOrTownOrDistrict","string","","pattern=|(\\s*([\\w\\d_=!@#$%\\^*\\(\\){}\\[\\]\\|\\\\:;',\\.\\?/~`\\-\\+<>&\"][\\s\\w\\d_=!@#$%\\^*\\(\\){}\\[\\]\\|\\\\:;',\\.\\?/~`\\-\\+<>&\"]*)\\s*)"
"ITR.ITR1.Schedule80GGA.DonationDtlsSciRsrchRuralDev[].AddressDetail.CityOrTownOrDistrict","object","","minLength=1;maxLength=50"
"ITR.ITR1.Schedule80GGA.DonationDtlsSciRsrchRuralDev[].AddressDetail.StateCode","string","","pattern=|(\\s*([\\w\\d_=!@#$%\\^*\\(\\){}\\[\\]\\|\\\\:;',\\.\\?/~`\\-\\+<>&\"][\\s\\w\\d_=!@#$%\\^*\\(\\){}\\[\\]\\|\\\\:;',\\.\\?/~`\\-\\+<>&\"]*)\\s*)"
"ITR.ITR1.Schedule80GGA.DonationDtlsSciRsrchRuralDev[].AddressDetail.StateCode","enum","","enum=[\"01\", \"02\", \"03\", \"04\", \"05\", \"06\", \"07\", \"08\", \"...\"]"
"ITR.ITR1.Schedule80GGA.DonationDtlsSciRsrchRuralDev[].AddressDetail.PinCode","integer","Y","minimum=100000;maximum=999999;pattern=[1-9]{1}[0-9]{5}"
"ITR.ITR1.Schedule80GGA.DonationDtlsSciRsrchRuralDev[].DoneePAN","string","","pattern=|(\\s*([\\w\\d_=!@#$%\\^*\\(\\){}\\[\\]\\|\\\\:;',\\.\\?/~`\\-\\+<>&\"][\\s\\w\\d_=!@#$%\\^*\\(\\){}\\[\\]\\|\\\\:;',\\.\\?/~`\\-\\+<>&\"]*)\\s*)"
"ITR.ITR1.Schedule80GGA.DonationDtlsSciRsrchRuralDev[].DoneePAN","object","","pattern=[A-Z]{5}[0-9]{4}[A-Z]"
"ITR.ITR1.Schedule80GGA.DonationDtlsSciRsrchRuralDev[].DonationAmtCash","integer","Y","minimum=0;maximum=99999999999999"
"ITR.ITR1.Schedule80GGA.DonationDtlsSciRsrchRuralDev[].DonationAmtOtherMode","integer","Y","minimum=0;maximum=99999999999999"
"ITR.ITR1.Schedule80GGA.DonationDtlsSciRsrchRuralDev[].DonationAmt","integer","Y","minimum=0;maximum=99999999999999"
"ITR.ITR1.Schedule80GGA.DonationDtlsSciRsrchRuralDev[].EligibleDonationAmt","integer","Y","minimum=0;maximum=99999999999999"
"ITR.ITR1.Schedule80GGA.TotalDonationAmtCash80GGA","integer","Y","minimum=0;maximum=99999999999999;default=0"
"ITR.ITR1.Schedule80GGA.TotalDonationAmtOtherMode80GGA","integer","Y","minimum=0;maximum=99999999999999;default=0"
"ITR.ITR1.Schedule80GGA.TotalDonationsUs80GGA","integer","Y","minimum=0;maximum=99999999999999;default=0"
"ITR.ITR1.Schedule80GGA.TotalEligibleDonationAmt80GGA","integer","Y","minimum=0;maximum=99999999999999;default=0"
"ITR.ITR1.Schedule80GGC.Schedule80GGCDetails[].DonationDate","string","Y","pattern=([12]\\d{3}-(0[1-9]|1[0-2])-(0[1-9]|[12]\\d|3[01]))"
"ITR.ITR1.Schedule80GGC.Schedule80GGCDetails[].DonationAmtCash","integer","Y","minimum=0;maximum=99999999999999"
"ITR.ITR1.Schedule80GGC.Schedule80GGCDetails[].DonationAmtOtherMode","integer","Y","minimum=0;maximum=99999999999999"
"ITR.ITR1.Schedule80GGC.Schedule80GGCDetails[].TransactionRefNum","string","N","maxLength=50"
"ITR.ITR1.Schedule80GGC.Schedule80GGCDetails[].IFSCCode","string","","pattern=|(\\s*([\\w\\d_=!@#$%\\^*\\(\\){}\\[\\]\\|\\\\:;',\\.\\?/~`\\-\\+<>&\"][\\s\\w\\d_=!@#$%\\^*\\(\\){}\\[\\]\\|\\\\:;',\\.\\?/~`\\-\\+<>&\"]*)\\s*)"
"ITR.ITR1.Schedule80GGC.Schedule80GGCDetails[].IFSCCode","object","","maxLength=11;pattern=[A-Z]{4}[0][A-Z0-9]{6}"
"ITR.ITR1.Schedule80GGC.Schedule80GGCDetails[].DonationAmt","integer","Y","minimum=0;maximum=99999999999999"
"ITR.ITR1.Schedule80GGC.Schedule80GGCDetails[].EligibleDonationAmt","integer","Y","minimum=0;maximum=99999999999999"
"ITR.ITR1.Schedule80GGC.Schedule80GGCDetails[].PoliticalPartyName","string","","pattern=|(\\s*([\\w\\d_=!@#$%\\^*\\(\\){}\\[\\]\\|\\\\:;',\\.\\?/~`\\-\\+<>&\"][\\s\\w\\d_=!@#$%\\^*\\(\\){}\\[\\]\\|\\\\:;',\\.\\?/~`\\-\\+<>&\"]*)\\s*)"
"ITR.ITR1.Schedule80GGC.Schedule80GGCDetails[].PoliticalPartyName","object","","minLength=1;maxLength=125"
"ITR.ITR1.Schedule80GGC.Schedule80GGCDetails[].PoliticalPartyPAN","string","","pattern=|(\\s*([\\w\\d_=!@#$%\\^*\\(\\){}\\[\\]\\|\\\\:;',\\.\\?/~`\\-\\+<>&\"][\\s\\w\\d_=!@#$%\\^*\\(\\){}\\[\\]\\|\\\\:;',\\.\\?/~`\\-\\+<>&\"]*)\\s*)"
"ITR.ITR1.Schedule80GGC.Schedule80GGCDetails[].PoliticalPartyPAN","object","","pattern=[A-Z]{5}[0-9]{4}[A-Z]"
"ITR.ITR1.Schedule80GGC.TotalDonationAmtCash80GGC","integer","Y","minimum=0;maximum=99999999999999;default=0"
"ITR.ITR1.Schedule80GGC.TotalDonationAmtOtherMode80GGC","integer","Y","minimum=0;maximum=99999999999999;default=0"
"ITR.ITR1.Schedule80GGC.TotalDonationsUs80GGC","integer","Y","minimum=0;maximum=99999999999999;default=0"
"ITR.ITR1.Schedule80GGC.TotalEligibleDonationAmt80GGC","integer","Y","minimum=0;maximum=99999999999999;default=0"
"ITR.ITR1.Schedule80D.Sec80DSelfFamSrCtznHealth.SeniorCitizenFlag","string","","pattern=|(\\s*([\\w\\d_=!@#$%\\^*\\(\\){}\\[\\]\\|\\\\:;',\\.\\?/~`\\-\\+<>&\"][\\s\\w\\d_=!@#$%\\^*\\(\\){}\\[\\]\\|\\\\:;',\\.\\?/~`\\-\\+<>&\"]*)\\s*)"
"ITR.ITR1.Schedule80D.Sec80DSelfFamSrCtznHealth.SeniorCitizenFlag","object","","pattern=Y|N|S"
"ITR.ITR1.Schedule80D.Sec80DSelfFamSrCtznHealth.SelfAndFamily","integer","N","minimum=0;maximum=25000"
"ITR.ITR1.Schedule80D.Sec80DSelfFamSrCtznHealth.HealthInsPremSlfFam","integer","N","minimum=0;maximum=99999999999999"
"ITR.ITR1.Schedule80D.Sec80DSelfFamSrCtznHealth.Sec80DSelfFamHIDtls.Sch80DInsDtls[].InsurerName","string","Y","maxLength=125"
"ITR.ITR1.Schedule80D.Sec80DSelfFamSrCtznHealth.Sec80DSelfFamHIDtls.Sch80DInsDtls[].PolicyNo","string","Y","maxLength=75"
"ITR.ITR1.Schedule80D.Sec80DSelfFamSrCtznHealth.Sec80DSelfFamHIDtls.Sch80DInsDtls[].HealthInsAmt","integer","Y","minimum=0;maximum=99999999999999"
"ITR.ITR1.Schedule80D.Sec80DSelfFamSrCtznHealth.Sec80DSelfFamHIDtls.TotalPayments","integer","Y","minimum=0;maximum=99999999999999;default=0"
"ITR.ITR1.Schedule80D.Sec80DSelfFamSrCtznHealth.PrevHlthChckUpSlfFam","integer","N","minimum=0;maximum=5000"
"ITR.ITR1.Schedule80D.Sec80DSelfFamSrCtznHealth.SelfAndFamilySeniorCitizen","integer","N","minimum=0;maximum=50000"
"ITR.ITR1.Schedule80D.Sec80DSelfFamSrCtznHealth.HlthInsPremSlfFamSrCtzn","integer","N","minimum=0;maximum=99999999999999"
"ITR.ITR1.Schedule80D.Sec80DSelfFamSrCtznHealth.Sec80DSelfFamSrCtznHIDtls.Sch80DInsDtls[].InsurerName","string","Y","maxLength=125"
"ITR.ITR1.Schedule80D.Sec80DSelfFamSrCtznHealth.Sec80DSelfFamSrCtznHIDtls.Sch80DInsDtls[].PolicyNo","string","Y","maxLength=75"
"ITR.ITR1.Schedule80D.Sec80DSelfFamSrCtznHealth.Sec80DSelfFamSrCtznHIDtls.Sch80DInsDtls[].HealthInsAmt","integer","Y","minimum=0;maximum=99999999999999"
"ITR.ITR1.Schedule80D.Sec80DSelfFamSrCtznHealth.Sec80DSelfFamSrCtznHIDtls.TotalPayments","integer","Y","minimum=0;maximum=99999999999999;default=0"
"ITR.ITR1.Schedule80D.Sec80DSelfFamSrCtznHealth.PrevHlthChckUpSlfFamSrCtzn","integer","N","minimum=0;maximum=5000"
"ITR.ITR1.Schedule80D.Sec80DSelfFamSrCtznHealth.MedicalExpSlfFamSrCtzn","integer","N","minimum=0;maximum=99999999999999"
"ITR.ITR1.Schedule80D.Sec80DSelfFamSrCtznHealth.ParentsSeniorCitizenFlag","string","","pattern=|(\\s*([\\w\\d_=!@#$%\\^*\\(\\){}\\[\\]\\|\\\\:;',\\.\\?/~`\\-\\+<>&\"][\\s\\w\\d_=!@#$%\\^*\\(\\){}\\[\\]\\|\\\\:;',\\.\\?/~`\\-\\+<>&\"]*)\\s*)"
"ITR.ITR1.Schedule80D.Sec80DSelfFamSrCtznHealth.ParentsSeniorCitizenFlag","object","","pattern=Y|N|P"
"ITR.ITR1.Schedule80D.Sec80DSelfFamSrCtznHealth.Parents","integer","N","minimum=0;maximum=25000"
"ITR.ITR1.Schedule80D.Sec80DSelfFamSrCtznHealth.HlthInsPremParents","integer","N","minimum=0;maximum=99999999999999"
"ITR.ITR1.Schedule80D.Sec80DSelfFamSrCtznHealth.Sec80DParentsHIDtls.Sch80DInsDtls[].InsurerName","string","Y","maxLength=125"
"ITR.ITR1.Schedule80D.Sec80DSelfFamSrCtznHealth.Sec80DParentsHIDtls.Sch80DInsDtls[].PolicyNo","string","Y","maxLength=75"
"ITR.ITR1.Schedule80D.Sec80DSelfFamSrCtznHealth.Sec80DParentsHIDtls.Sch80DInsDtls[].HealthInsAmt","integer","Y","minimum=0;maximum=99999999999999"
"ITR.ITR1.Schedule80D.Sec80DSelfFamSrCtznHealth.Sec80DParentsHIDtls.TotalPayments","integer","Y","minimum=0;maximum=99999999999999;default=0"
"ITR.ITR1.Schedule80D.Sec80DSelfFamSrCtznHealth.PrevHlthChckUpParents","integer","N","minimum=0;maximum=5000"
"ITR.ITR1.Schedule80D.Sec80DSelfFamSrCtznHealth.ParentsSeniorCitizen","integer","N","minimum=0;maximum=50000"
"ITR.ITR1.Schedule80D.Sec80DSelfFamSrCtznHealth.HlthInsPremParentsSrCtzn","integer","N","minimum=0;maximum=99999999999999"
"ITR.ITR1.Schedule80D.Sec80DSelfFamSrCtznHealth.Sec80DParentsSrCtznHIDtls.Sch80DInsDtls[].InsurerName","string","Y","maxLength=125"
"ITR.ITR1.Schedule80D.Sec80DSelfFamSrCtznHealth.Sec80DParentsSrCtznHIDtls.Sch80DInsDtls[].PolicyNo","string","Y","maxLength=75"
"ITR.ITR1.Schedule80D.Sec80DSelfFamSrCtznHealth.Sec80DParentsSrCtznHIDtls.Sch80DInsDtls[].HealthInsAmt","integer","Y","minimum=0;maximum=99999999999999"
"ITR.ITR1.Schedule80D.Sec80DSelfFamSrCtznHealth.Sec80DParentsSrCtznHIDtls.TotalPayments","integer","Y","minimum=0;maximum=99999999999999;default=0"
"ITR.ITR1.Schedule80D.Sec80DSelfFamSrCtznHealth.PrevHlthChckUpParentsSrCtzn","integer","N","minimum=0;maximum=5000"
"ITR.ITR1.Schedule80D.Sec80DSelfFamSrCtznHealth.MedicalExpParentsSrCtzn","integer","N","minimum=0;maximum=99999999999999"
"ITR.ITR1.Schedule80D.Sec80DSelfFamSrCtznHealth.EligibleAmountOfDedn","integer","Y","minimum=0;maximum=100000"
"ITR.ITR1.Schedule80DD.NatureOfDisability","string","","pattern=|(\\s*([\\w\\d_=!@#$%\\^*\\(\\){}\\[\\]\\|\\\\:;',\\.\\?/~`\\-\\+<>&\"][\\s\\w\\d_=!@#$%\\^*\\(\\){}\\[\\]\\|\\\\:;',\\.\\?/~`\\-\\+<>&\"]*)\\s*)"
"ITR.ITR1.Schedule80DD.NatureOfDisability","enum","","enum=[\"1\", \"2\"]"
"ITR.ITR1.Schedule80DD.TypeOfDisability","string","","pattern=|(\\s*([\\w\\d_=!@#$%\\^*\\(\\){}\\[\\]\\|\\\\:;',\\.\\?/~`\\-\\+<>&\"][\\s\\w\\d_=!@#$%\\^*\\(\\){}\\[\\]\\|\\\\:;',\\.\\?/~`\\-\\+<>&\"]*)\\s*)"
"ITR.ITR1.Schedule80DD.TypeOfDisability","enum","","enum=[\"1\", \"2\"]"
"ITR.ITR1.Schedule80DD.DeductionAmount","integer","Y","minimum=0;maximum=99999999999999"
"ITR.ITR1.Schedule80DD.DependentType","string","","pattern=|(\\s*([\\w\\d_=!@#$%\\^*\\(\\){}\\[\\]\\|\\\\:;',\\.\\?/~`\\-\\+<>&\"][\\s\\w\\d_=!@#$%\\^*\\(\\){}\\[\\]\\|\\\\:;',\\.\\?/~`\\-\\+<>&\"]*)\\s*)"
"ITR.ITR1.Schedule80DD.DependentType","enum","","enum=[\"1\", \"2\", \"3\", \"4\", \"5\", \"6\", \"7\"]"
"ITR.ITR1.Schedule80DD.DependentPan","string","","pattern=|(\\s*([\\w\\d_=!@#$%\\^*\\(\\){}\\[\\]\\|\\\\:;',\\.\\?/~`\\-\\+<>&\"][\\s\\w\\d_=!@#$%\\^*\\(\\){}\\[\\]\\|\\\\:;',\\.\\?/~`\\-\\+<>&\"]*)\\s*)"
"ITR.ITR1.Schedule80DD.DependentPan","object","","pattern=[A-Z]{5}[0-9]{4}[A-Z]"
"ITR.ITR1.Schedule80DD.DependentAadhaar","string","","pattern=|(\\s*([\\w\\d_=!@#$%\\^*\\(\\){}\\[\\]\\|\\\\:;',\\.\\?/~`\\-\\+<>&\"][\\s\\w\\d_=!@#$%\\^*\\(\\){}\\[\\]\\|\\\\:;',\\.\\?/~`\\-\\+<>&\"]*)\\s*)"
"ITR.ITR1.Schedule80DD.DependentAadhaar","object","","pattern=[0-9]{12}"
"ITR.ITR1.Schedule80DD.Form10IAAckNum","string","N","maxLength=15"
"ITR.ITR1.Schedule80DD.UDIDNum","string","N","maxLength=18"
"ITR.ITR1.Schedule80U.NatureOfDisability","string","","pattern=|(\\s*([\\w\\d_=!@#$%\\^*\\(\\){}\\[\\]\\|\\\\:;',\\.\\?/~`\\-\\+<>&\"][\\s\\w\\d_=!@#$%\\^*\\(\\){}\\[\\]\\|\\\\:;',\\.\\?/~`\\-\\+<>&\"]*)\\s*)"
"ITR.ITR1.Schedule80U.NatureOfDisability","enum","","enum=[\"1\", \"2\"]"
"ITR.ITR1.Schedule80U.TypeOfDisability","string","","pattern=|(\\s*([\\w\\d_=!@#$%\\^*\\(\\){}\\[\\]\\|\\\\:;',\\.\\?/~`\\-\\+<>&\"][\\s\\w\\d_=!@#$%\\^*\\(\\){}\\[\\]\\|\\\\:;',\\.\\?/~`\\-\\+<>&\"]*)\\s*)"
"ITR.ITR1.Schedule80U.TypeOfDisability","enum","","enum=[\"1\", \"2\"]"
"ITR.ITR1.Schedule80U.DeductionAmount","integer","Y","minimum=0;maximum=99999999999999"
"ITR.ITR1.Schedule80U.Form10IAAckNum","string","N","maxLength=15"
"ITR.ITR1.Schedule80U.UDIDNum","string","N","maxLength=18"
"ITR.ITR1.Schedule80E.Schedule80EDtls[].LoanTknFrom","string","Y","enum=[\"B\", \"I\"]"
"ITR.ITR1.Schedule80E.Schedule80EDtls[].BankOrInstnName","string","","pattern=|(\\s*([\\w\\d_=!@#$%\\^*\\(\\){}\\[\\]\\|\\\\:;',\\.\\?/~`\\-\\+<>&\"][\\s\\w\\d_=!@#$%\\^*\\(\\){}\\[\\]\\|\\\\:;',\\.\\?/~`\\-\\+<>&\"]*)\\s*)"
"ITR.ITR1.Schedule80E.Schedule80EDtls[].BankOrInstnName","object","","minLength=1;maxLength=125"
"ITR.ITR1.Schedule80E.Schedule80EDtls[].LoanAccNoOfBankOrInstnRefNo","string","","pattern=.*[0-9]"
"ITR.ITR1.Schedule80E.Schedule80EDtls[].LoanAccNoOfBankOrInstnRefNo","object","","pattern=.*[1-9].*"
"ITR.ITR1.Schedule80E.Schedule80EDtls[].LoanAccNoOfBankOrInstnRefNo","object","","minLength=1;maxLength=20;pattern=^[a-zA-Z0-9][a-zA-Z0-9/-]*$"
"ITR.ITR1.Schedule80E.Schedule80EDtls[].DateofLoan","string","Y","pattern=([12]\\d{3}-(0[1-9]|1[0-2])-(0[1-9]|[12]\\d|3[01]))"
"ITR.ITR1.Schedule80E.Schedule80EDtls[].TotalLoanAmt","integer","Y","minimum=0;maximum=99999999999999;default=0"
"ITR.ITR1.Schedule80E.Schedule80EDtls[].LoanOutstndngAmt","integer","Y","minimum=0;maximum=99999999999999;default=0"
"ITR.ITR1.Schedule80E.Schedule80EDtls[].Interest80E","integer","Y","minimum=0;maximum=99999999999999;default=0"
"ITR.ITR1.Schedule80E.TotalInterest80E","integer","Y","minimum=0;maximum=99999999999999;default=0"
"ITR.ITR1.Schedule80EE.Schedule80EEDtls[].LoanTknFrom","string","Y","enum=[\"B\", \"I\"]"
"ITR.ITR1.Schedule80EE.Schedule80EEDtls[].BankOrInstnName","string","","pattern=|(\\s*([\\w\\d_=!@#$%\\^*\\(\\){}\\[\\]\\|\\\\:;',\\.\\?/~`\\-\\+<>&\"][\\s\\w\\d_=!@#$%\\^*\\(\\){}\\[\\]\\|\\\\:;',\\.\\?/~`\\-\\+<>&\"]*)\\s*)"
"ITR.ITR1.Schedule80EE.Schedule80EEDtls[].BankOrInstnName","object","","minLength=1;maxLength=125"
"ITR.ITR1.Schedule80EE.Schedule80EEDtls[].LoanAccNoOfBankOrInstnRefNo","string","","pattern=.*[0-9]"
"ITR.ITR1.Schedule80EE.Schedule80EEDtls[].LoanAccNoOfBankOrInstnRefNo","object","","pattern=.*[1-9].*"
"ITR.ITR1.Schedule80EE.Schedule80EEDtls[].LoanAccNoOfBankOrInstnRefNo","object","","minLength=1;maxLength=20;pattern=[a-zA-Z0-9]([/-]?(((\\d*[1-9]\\d*)*[a-zA-Z/-])|(\\d*[1-9]\\d*[a-zA-Z]*))+)*[0-9]*"
"ITR.ITR1.Schedule80EE.Schedule80EEDtls[].DateofLoan","string","Y","pattern=([12]\\d{3}-(0[1-9]|1[0-2])-(0[1-9]|[12]\\d|3[01]))"
"ITR.ITR1.Schedule80EE.Schedule80EEDtls[].TotalLoanAmt","integer","Y","minimum=0;maximum=3500000;default=0"
"ITR.ITR1.Schedule80EE.Schedule80EEDtls[].LoanOutstndngAmt","integer","Y","minimum=0;maximum=99999999999999;default=0"
"ITR.ITR1.Schedule80EE.Schedule80EEDtls[].Interest80EE","integer","Y","minimum=0;maximum=99999999999999;default=0"
"ITR.ITR1.Schedule80EE.TotalInterest80EE","integer","Y","minimum=0;maximum=99999999999999;default=0"
"ITR.ITR1.Schedule80EEA.PropStmpDtyVal","integer","Y","minimum=0;maximum=4500000;default=0"
"ITR.ITR1.Schedule80EEA.Schedule80EEADtls[].LoanTknFrom","string","Y","enum=[\"B\", \"I\"]"
"ITR.ITR1.Schedule80EEA.Schedule80EEADtls[].BankOrInstnName","string","","pattern=|(\\s*([\\w\\d_=!@#$%\\^*\\(\\){}\\[\\]\\|\\\\:;',\\.\\?/~`\\-\\+<>&\"][\\s\\w\\d_=!@#$%\\^*\\(\\){}\\[\\]\\|\\\\:;',\\.\\?/~`\\-\\+<>&\"]*)\\s*)"
"ITR.ITR1.Schedule80EEA.Schedule80EEADtls[].BankOrInstnName","object","","minLength=1;maxLength=125"
"ITR.ITR1.Schedule80EEA.Schedule80EEADtls[].LoanAccNoOfBankOrInstnRefNo","string","","pattern=.*[0-9]"
"ITR.ITR1.Schedule80EEA.Schedule80EEADtls[].LoanAccNoOfBankOrInstnRefNo","object","","pattern=.*[1-9].*"
"ITR.ITR1.Schedule80EEA.Schedule80EEADtls[].LoanAccNoOfBankOrInstnRefNo","object","","minLength=1;maxLength=20;pattern=[a-zA-Z0-9]([/-]?(((\\d*[1-9]\\d*)*[a-zA-Z/-])|(\\d*[1-9]\\d*[a-zA-Z]*))+)*[0-9]*"
"ITR.ITR1.Schedule80EEA.Schedule80EEADtls[].DateofLoan","string","Y","pattern=([12]\\d{3}-(0[1-9]|1[0-2])-(0[1-9]|[12]\\d|3[01]))"
"ITR.ITR1.Schedule80EEA.Schedule80EEADtls[].TotalLoanAmt","integer","Y","minimum=0;maximum=99999999999999;default=0"
"ITR.ITR1.Schedule80EEA.Schedule80EEADtls[].LoanOutstndngAmt","integer","Y","minimum=0;maximum=99999999999999;default=0"
"ITR.ITR1.Schedule80EEA.Schedule80EEADtls[].Interest80EEA","integer","Y","minimum=0;maximum=99999999999999;default=0"
"ITR.ITR1.Schedule80EEA.TotalInterest80EEA","integer","Y","minimum=0;maximum=99999999999999;default=0"
"ITR.ITR1.Schedule80EEB.Schedule80EEBDtls[].LoanTknFrom","string","Y","enum=[\"B\", \"I\"]"
"ITR.ITR1.Schedule80EEB.Schedule80EEBDtls[].BankOrInstnName","string","","pattern=|(\\s*([\\w\\d_=!@#$%\\^*\\(\\){}\\[\\]\\|\\\\:;',\\.\\?/~`\\-\\+<>&\"][\\s\\w\\d_=!@#$%\\^*\\(\\){}\\[\\]\\|\\\\:;',\\.\\?/~`\\-\\+<>&\"]*)\\s*)"
"ITR.ITR1.Schedule80EEB.Schedule80EEBDtls[].BankOrInstnName","object","","minLength=1;maxLength=125"
"ITR.ITR1.Schedule80EEB.Schedule80EEBDtls[].LoanAccNoOfBankOrInstnRefNo","string","","pattern=.*[0-9]"
"ITR.ITR1.Schedule80EEB.Schedule80EEBDtls[].LoanAccNoOfBankOrInstnRefNo","object","","pattern=.*[1-9].*"
"ITR.ITR1.Schedule80EEB.Schedule80EEBDtls[].LoanAccNoOfBankOrInstnRefNo","object","","minLength=1;maxLength=20;pattern=^[a-zA-Z0-9][a-zA-Z0-9/-]*$"
"ITR.ITR1.Schedule80EEB.Schedule80EEBDtls[].DateofLoan","string","Y","pattern=([12]\\d{3}-(0[1-9]|1[0-2])-(0[1-9]|[12]\\d|3[01]))"
"ITR.ITR1.Schedule80EEB.Schedule80EEBDtls[].TotalLoanAmt","integer","Y","minimum=0;maximum=99999999999999;default=0"
"ITR.ITR1.Schedule80EEB.Schedule80EEBDtls[].LoanOutstndngAmt","integer","Y","minimum=0;maximum=99999999999999;default=0"
"ITR.ITR1.Schedule80EEB.Schedule80EEBDtls[].VehicleRegNo","string","","pattern=|(\\s*([\\w\\d_=!@#$%\\^*\\(\\){}\\[\\]\\|\\\\:;',\\.\\?/~`\\-\\+<>&\"][\\s\\w\\d_=!@#$%\\^*\\(\\){}\\[\\]\\|\\\\:;',\\.\\?/~`\\-\\+<>&\"]*)\\s*)"
"ITR.ITR1.Schedule80EEB.Schedule80EEBDtls[].VehicleRegNo","object","","minLength=1;maxLength=11"
"ITR.ITR1.Schedule80EEB.Schedule80EEBDtls[].Interest80EEB","integer","Y","minimum=0;maximum=99999999999999;default=0"
"ITR.ITR1.Schedule80EEB.TotalInterest80EEB","integer","Y","minimum=0;maximum=99999999999999;default=0"
"ITR.ITR1.Schedule80C.Schedule80CDtls[].Amount","integer","Y","minimum=0;maximum=99999999999999;default=0"
"ITR.ITR1.Schedule80C.Schedule80CDtls[].IdentificationNo","string","Y","maxLength=50"
"ITR.ITR1.Schedule80C.TotalAmt","integer","Y","minimum=0;maximum=99999999999999;default=0"
"ITR.ITR1.ScheduleEA10_13A.Placeofwork","string","Y","enum=[\"1\", \"2\"]"
"ITR.ITR1.ScheduleEA10_13A.ActlHRARecv","integer","Y","minimum=0;maximum=99999999999999;default=0"
"ITR.ITR1.ScheduleEA10_13A.ActlRentPaid","integer","Y","minimum=0;maximum=99999999999999;default=0"
"ITR.ITR1.ScheduleEA10_13A.DtlsSalUsSec171","integer","Y","minimum=0;maximum=99999999999999;default=0"
"ITR.ITR1.ScheduleEA10_13A.BasicSalary","integer","Y","minimum=0;maximum=99999999999999;default=0"
"ITR.ITR1.ScheduleEA10_13A.DearnessAllwnc","integer","N","minimum=0;maximum=99999999999999;default=0"
"ITR.ITR1.ScheduleEA10_13A.ActlRentPaid10Per","integer","Y","minimum=0;maximum=99999999999999;default=0"
"ITR.ITR1.ScheduleEA10_13A.Sal40Or50Per","integer","Y","minimum=0;maximum=99999999999999;default=0"
"ITR.ITR1.ScheduleEA10_13A.EligbleExmpAllwncUs13A","integer","Y","minimum=0;maximum=99999999999999;default=0"
"ITR.ITR1.TDSonSalaries.TDSonSalary[].EmployerOrDeductorOrCollectDetl.TAN","string","","pattern=|(\\s*([\\w\\d_=!@#$%\\^*\\(\\){}\\[\\]\\|\\\\:;',\\.\\?/~`\\-\\+<>&\"][\\s\\w\\d_=!@#$%\\^*\\(\\){}\\[\\]\\|\\\\:;',\\.\\?/~`\\-\\+<>&\"]*)\\s*)"
"ITR.ITR1.TDSonSalaries.TDSonSalary[].EmployerOrDeductorOrCollectDetl.TAN","object","","pattern=HYD[A-Z][0-9]{5}[A-Z]|VPN[A-Z][0-9]{5}[A-Z]|BBN[A-Z][0-9]{5}[A-Z]|BPL[A-Z][0-9]{5}[A-Z]|JBP[A-Z][0-9]{5}[A-Z]|CHE[A-Z][0-9]{5}[A-Z]|CMB[A-Z][0-9]{5}[A-Z]|MRI[A-Z][0-9]{5}[A-Z]|DEL[A-Z][0-9]{5}[A-Z]|CAL[A-Z][0-9]{5}[A-Z]|MRT[A-Z][0-9]{5}[A-Z]|AHM[A-Z][0-9]{5}[A-Z]|BRD[A-Z][0-9]{5}[A-Z]|RKT[A-Z][0-9]{5}[A-Z]|SRT[A-Z][0-9]{5}[A-Z]|BLR[A-Z][0-9]{5}[A-Z]|AGR[A-Z][0-9]{5}[A-Z]|KNP[A-Z][0-9]{5}[A-Z]|CHN[A-Z][0-9]{5}[A-Z]|TVD[A-Z][0-9]{5}[A-Z]|ALD[A-Z][0-9]{5}[A-Z]|LKN[A-Z][0-9]{5}[A-Z]|MUM[A-Z][0-9]{5}[A-Z]|NGP[A-Z][0-9]{5}[A-Z]|AMR[A-Z][0-9]{5}[A-Z]|JLD[A-Z][0-9]{5}[A-Z]|PTL[A-Z][0-9]{5}[A-Z]|RTK[A-Z][0-9]{5}[A-Z]|KLP[A-Z][0-9]{5}[A-Z]|NSK[A-Z][0-9]{5}[A-Z]|PNE[A-Z][0-9]{5}[A-Z]|PTN[A-Z][0-9]{5}[A-Z]|RCH[A-Z][0-9]{5}[A-Z]|JDH[A-Z][0-9]{5}[A-Z]|JPR[A-Z][0-9]{5}[A-Z]|SHL[A-Z][0-9]{5}[A-Z]"
"ITR.ITR1.TDSonSalaries.TDSonSalary[].EmployerOrDeductorOrCollectDetl.EmployerOrDeductorOrCollecterName","string","","pattern=|(\\s*([\\w\\d_=!@#$%\\^*\\(\\){}\\[\\]\\|\\\\:;',\\.\\?/~`\\-\\+<>&\"][\\s\\w\\d_=!@#$%\\^*\\(\\){}\\[\\]\\|\\\\:;',\\.\\?/~`\\-\\+<>&\"]*)\\s*)"
"ITR.ITR1.TDSonSalaries.TDSonSalary[].EmployerOrDeductorOrCollectDetl.EmployerOrDeductorOrCollecterName","object","","minLength=1;maxLength=125"
"ITR.ITR1.TDSonSalaries.TDSonSalary[].IncChrgSal","integer","Y","minimum=0;maximum=99999999999999;default=0"
"ITR.ITR1.TDSonSalaries.TDSonSalary[].TotalTDSSal","integer","Y","minimum=0;maximum=99999999999999;default=0"
"ITR.ITR1.TDSonSalaries.TotalTDSonSalaries","integer","Y","minimum=0;maximum=99999999999999;default=0"
"ITR.ITR1.TDSonOthThanSals.TDSonOthThanSal[].EmployerOrDeductorOrCollectDetl.TAN","string","","pattern=|(\\s*([\\w\\d_=!@#$%\\^*\\(\\){}\\[\\]\\|\\\\:;',\\.\\?/~`\\-\\+<>&\"][\\s\\w\\d_=!@#$%\\^*\\(\\){}\\[\\]\\|\\\\:;',\\.\\?/~`\\-\\+<>&\"]*)\\s*)"
"ITR.ITR1.TDSonOthThanSals.TDSonOthThanSal[].EmployerOrDeductorOrCollectDetl.TAN","object","","pattern=HYD[A-Z][0-9]{5}[A-Z]|VPN[A-Z][0-9]{5}[A-Z]|BBN[A-Z][0-9]{5}[A-Z]|BPL[A-Z][0-9]{5}[A-Z]|JBP[A-Z][0-9]{5}[A-Z]|CHE[A-Z][0-9]{5}[A-Z]|CMB[A-Z][0-9]{5}[A-Z]|MRI[A-Z][0-9]{5}[A-Z]|DEL[A-Z][0-9]{5}[A-Z]|CAL[A-Z][0-9]{5}[A-Z]|MRT[A-Z][0-9]{5}[A-Z]|AHM[A-Z][0-9]{5}[A-Z]|BRD[A-Z][0-9]{5}[A-Z]|RKT[A-Z][0-9]{5}[A-Z]|SRT[A-Z][0-9]{5}[A-Z]|BLR[A-Z][0-9]{5}[A-Z]|AGR[A-Z][0-9]{5}[A-Z]|KNP[A-Z][0-9]{5}[A-Z]|CHN[A-Z][0-9]{5}[A-Z]|TVD[A-Z][0-9]{5}[A-Z]|ALD[A-Z][0-9]{5}[A-Z]|LKN[A-Z][0-9]{5}[A-Z]|MUM[A-Z][0-9]{5}[A-Z]|NGP[A-Z][0-9]{5}[A-Z]|AMR[A-Z][0-9]{5}[A-Z]|JLD[A-Z][0-9]{5}[A-Z]|PTL[A-Z][0-9]{5}[A-Z]|RTK[A-Z][0-9]{5}[A-Z]|KLP[A-Z][0-9]{5}[A-Z]|NSK[A-Z][0-9]{5}[A-Z]|PNE[A-Z][0-9]{5}[A-Z]|PTN[A-Z][0-9]{5}[A-Z]|RCH[A-Z][0-9]{5}[A-Z]|JDH[A-Z][0-9]{5}[A-Z]|JPR[A-Z][0-9]{5}[A-Z]|SHL[A-Z][0-9]{5}[A-Z]"
"ITR.ITR1.TDSonOthThanSals.TDSonOthThanSal[].EmployerOrDeductorOrCollectDetl.EmployerOrDeductorOrCollecterName","string","","pattern=|(\\s*([\\w\\d_=!@#$%\\^*\\(\\){}\\[\\]\\|\\\\:;',\\.\\?/~`\\-\\+<>&\"][\\s\\w\\d_=!@#$%\\^*\\(\\){}\\[\\]\\|\\\\:;',\\.\\?/~`\\-\\+<>&\"]*)\\s*)"
"ITR.ITR1.TDSonOthThanSals.TDSonOthThanSal[].EmployerOrDeductorOrCollectDetl.EmployerOrDeductorOrCollecterName","object","","minLength=1;maxLength=125"
"ITR.ITR1.TDSonOthThanSals.TDSonOthThanSal[].TDSSection","string","","pattern=|(\\s*([\\w\\d_=!@#$%\\^*\\(\\){}\\[\\]\\|\\\\:;',\\.\\?/~`\\-\\+<>&\"][\\s\\w\\d_=!@#$%\\^*\\(\\){}\\[\\]\\|\\\\:;',\\.\\?/~`\\-\\+<>&\"]*)\\s*)"
"ITR.ITR1.TDSonOthThanSals.TDSonOthThanSal[].TDSSection","enum","","enum=[\"92A\", \"92B\", \"92C\", \"192A\", \"193\", \"194\", \"94A\", \"94B\", \"...\"]"
"ITR.ITR1.TDSonOthThanSals.TDSonOthThanSal[].AmtForTaxDeduct","integer","Y","minimum=0;maximum=99999999999999"
"ITR.ITR1.TDSonOthThanSals.TDSonOthThanSal[].DeductedYr","string","","pattern=|(\\s*([\\w\\d_=!@#$%\\^*\\(\\){}\\[\\]\\|\\\\:;',\\.\\?/~`\\-\\+<>&\"][\\s\\w\\d_=!@#$%\\^*\\(\\){}\\[\\]\\|\\\\:;',\\.\\?/~`\\-\\+<>&\"]*)\\s*)"
"ITR.ITR1.TDSonOthThanSals.TDSonOthThanSal[].DeductedYr","enum","","enum=[\"2025\", \"2024\", \"2023\", \"2022\", \"2021\", \"2020\", \"2019\", \"2018\", \"...\"]"
"ITR.ITR1.TDSonOthThanSals.TDSonOthThanSal[].TotTDSOnAmtPaid","integer","Y","minimum=0;maximum=99999999999999"
"ITR.ITR1.TDSonOthThanSals.TDSonOthThanSal[].ClaimOutOfTotTDSOnAmtPaid","integer","Y","minimum=0;maximum=99999999999999"
"ITR.ITR1.TDSonOthThanSals.TotalTDSonOthThanSals","integer","Y","minimum=0;maximum=99999999999999;default=0"
"ITR.ITR1.ScheduleTDS3Dtls.TDS3Details[].PANofTenant","string","","pattern=|(\\s*([\\w\\d_=!@#$%\\^*\\(\\){}\\[\\]\\|\\\\:;',\\.\\?/~`\\-\\+<>&\"][\\s\\w\\d_=!@#$%\\^*\\(\\){}\\[\\]\\|\\\\:;',\\.\\?/~`\\-\\+<>&\"]*)\\s*)"
"ITR.ITR1.ScheduleTDS3Dtls.TDS3Details[].PANofTenant","object","","pattern=[A-Z]{5}[0-9]{4}[A-Z]"
"ITR.ITR1.ScheduleTDS3Dtls.TDS3Details[].AadhaarofTenant","string","","pattern=|(\\s*([\\w\\d_=!@#$%\\^*\\(\\){}\\[\\]\\|\\\\:;',\\.\\?/~`\\-\\+<>&\"][\\s\\w\\d_=!@#$%\\^*\\(\\){}\\[\\]\\|\\\\:;',\\.\\?/~`\\-\\+<>&\"]*)\\s*)"
"ITR.ITR1.ScheduleTDS3Dtls.TDS3Details[].AadhaarofTenant","object","","pattern=[0-9]{12}"
"ITR.ITR1.ScheduleTDS3Dtls.TDS3Details[].TDSSection","string","","pattern=|(\\s*([\\w\\d_=!@#$%\\^*\\(\\){}\\[\\]\\|\\\\:;',\\.\\?/~`\\-\\+<>&\"][\\s\\w\\d_=!@#$%\\^*\\(\\){}\\[\\]\\|\\\\:;',\\.\\?/~`\\-\\+<>&\"]*)\\s*)"
"ITR.ITR1.ScheduleTDS3Dtls.TDS3Details[].TDSSection","enum","","enum=[\"92A\", \"92B\", \"92C\", \"192A\", \"193\", \"194\", \"94A\", \"94B\", \"...\"]"
"ITR.ITR1.ScheduleTDS3Dtls.TDS3Details[].NameOfTenant","string","","pattern=|(\\s*([\\w\\d_=!@#$%\\^*\\(\\){}\\[\\]\\|\\\\:;',\\.\\?/~`\\-\\+<>&\"][\\s\\w\\d_=!@#$%\\^*\\(\\){}\\[\\]\\|\\\\:;',\\.\\?/~`\\-\\+<>&\"]*)\\s*)"
"ITR.ITR1.ScheduleTDS3Dtls.TDS3Details[].NameOfTenant","object","","minLength=1;maxLength=125"
"ITR.ITR1.ScheduleTDS3Dtls.TDS3Details[].GrsRcptToTaxDeduct","integer","Y","minimum=0;maximum=99999999999999"
"ITR.ITR1.ScheduleTDS3Dtls.TDS3Details[].DeductedYr","string","","pattern=|(\\s*([\\w\\d_=!@#$%\\^*\\(\\){}\\[\\]\\|\\\\:;',\\.\\?/~`\\-\\+<>&\"][\\s\\w\\d_=!@#$%\\^*\\(\\){}\\[\\]\\|\\\\:;',\\.\\?/~`\\-\\+<>&\"]*)\\s*)"
"ITR.ITR1.ScheduleTDS3Dtls.TDS3Details[].DeductedYr","enum","","enum=[\"2025\", \"2024\", \"2023\", \"2022\", \"2021\", \"2020\", \"2019\", \"2018\", \"...\"]"
"ITR.ITR1.ScheduleTDS3Dtls.TDS3Details[].TDSDeducted","integer","Y","minimum=0;maximum=99999999999999"
"ITR.ITR1.ScheduleTDS3Dtls.TDS3Details[].TDSClaimed","integer","Y","minimum=0;maximum=99999999999999"
"ITR.ITR1.ScheduleTDS3Dtls.TotalTDS3Details","integer","Y","minimum=0;maximum=99999999999999;default=0"
"ITR.ITR1.ScheduleTCS.TCS[].EmployerOrDeductorOrCollectDetl.TAN","string","","pattern=|(\\s*([\\w\\d_=!@#$%\\^*\\(\\){}\\[\\]\\|\\\\:;',\\.\\?/~`\\-\\+<>&\"][\\s\\w\\d_=!@#$%\\^*\\(\\){}\\[\\]\\|\\\\:;',\\.\\?/~`\\-\\+<>&\"]*)\\s*)"
"ITR.ITR1.ScheduleTCS.TCS[].EmployerOrDeductorOrCollectDetl.TAN","object","","pattern=HYD[A-Z][0-9]{5}[A-Z]|VPN[A-Z][0-9]{5}[A-Z]|BBN[A-Z][0-9]{5}[A-Z]|BPL[A-Z][0-9]{5}[A-Z]|JBP[A-Z][0-9]{5}[A-Z]|CHE[A-Z][0-9]{5}[A-Z]|CMB[A-Z][0-9]{5}[A-Z]|MRI[A-Z][0-9]{5}[A-Z]|DEL[A-Z][0-9]{5}[A-Z]|CAL[A-Z][0-9]{5}[A-Z]|MRT[A-Z][0-9]{5}[A-Z]|AHM[A-Z][0-9]{5}[A-Z]|BRD[A-Z][0-9]{5}[A-Z]|RKT[A-Z][0-9]{5}[A-Z]|SRT[A-Z][0-9]{5}[A-Z]|BLR[A-Z][0-9]{5}[A-Z]|AGR[A-Z][0-9]{5}[A-Z]|KNP[A-Z][0-9]{5}[A-Z]|CHN[A-Z][0-9]{5}[A-Z]|TVD[A-Z][0-9]{5}[A-Z]|ALD[A-Z][0-9]{5}[A-Z]|LKN[A-Z][0-9]{5}[A-Z]|MUM[A-Z][0-9]{5}[A-Z]|NGP[A-Z][0-9]{5}[A-Z]|AMR[A-Z][0-9]{5}[A-Z]|JLD[A-Z][0-9]{5}[A-Z]|PTL[A-Z][0-9]{5}[A-Z]|RTK[A-Z][0-9]{5}[A-Z]|KLP[A-Z][0-9]{5}[A-Z]|NSK[A-Z][0-9]{5}[A-Z]|PNE[A-Z][0-9]{5}[A-Z]|PTN[A-Z][0-9]{5}[A-Z]|RCH[A-Z][0-9]{5}[A-Z]|JDH[A-Z][0-9]{5}[A-Z]|JPR[A-Z][0-9]{5}[A-Z]|SHL[A-Z][0-9]{5}[A-Z]"
"ITR.ITR1.ScheduleTCS.TCS[].EmployerOrDeductorOrCollectDetl.EmployerOrDeductorOrCollecterName","string","","pattern=|(\\s*([\\w\\d_=!@#$%\\^*\\(\\){}\\[\\]\\|\\\\:;',\\.\\?/~`\\-\\+<>&\"][\\s\\w\\d_=!@#$%\\^*\\(\\){}\\[\\]\\|\\\\:;',\\.\\?/~`\\-\\+<>&\"]*)\\s*)"
"ITR.ITR1.ScheduleTCS.TCS[].EmployerOrDeductorOrCollectDetl.EmployerOrDeductorOrCollecterName","object","","minLength=1;maxLength=125"
"ITR.ITR1.ScheduleTCS.TCS[].AmtTaxCollected","integer","Y","minimum=0;maximum=99999999999999;default=0"
"ITR.ITR1.ScheduleTCS.TCS[].CollectedYr","string","Y","enum=[\"2025\", \"2024\", \"2023\", \"2022\", \"2021\", \"2020\", \"2019\", \"2018\", \"...\"]"
"ITR.ITR1.ScheduleTCS.TCS[].TotalTCS","integer","Y","minimum=0;maximum=99999999999999;default=0"
"ITR.ITR1.ScheduleTCS.TCS[].AmtTCSClaimedThisYear","integer","Y","minimum=0;maximum=99999999999999;default=0"
"ITR.ITR1.ScheduleTCS.TotalSchTCS","integer","Y","minimum=0;maximum=99999999999999;default=0"
"ITR.ITR1.TaxPayments.TaxPayment[].BSRCode","string","","pattern=|(\\s*([\\w\\d_=!@#$%\\^*\\(\\){}\\[\\]\\|\\\\:;',\\.\\?/~`\\-\\+<>&\"][\\s\\w\\d_=!@#$%\\^*\\(\\){}\\[\\]\\|\\\\:;',\\.\\?/~`\\-\\+<>&\"]*)\\s*)"
"ITR.ITR1.TaxPayments.TaxPayment[].BSRCode","object","","pattern=[0-9]{3}[0-9A-Z]{4}"
"ITR.ITR1.TaxPayments.TaxPayment[].DateDep","string","Y","pattern=([12]\\d{3}-(0[1-9]|1[0-2])-(0[1-9]|[12]\\d|3[01]))"
"ITR.ITR1.TaxPayments.TaxPayment[].SrlNoOfChaln","integer","Y","minimum=0;maximum=99999"
"ITR.ITR1.TaxPayments.TaxPayment[].Amt","integer","Y","minimum=0;maximum=99999999999999;default=0"
"ITR.ITR1.TaxPayments.TotalTaxPayments","integer","Y","minimum=0;maximum=99999999999999;default=0"
"ITR.ITR1.LTCG112A.TotSaleCnsdrn","integer","Y","minimum=0;maximum=99999999999999;default=0"
"ITR.ITR1.LTCG112A.TotCstAcqisn","integer","Y","minimum=0;maximum=99999999999999;default=0"
"ITR.ITR1.LTCG112A.LongCap112A","integer","Y","minimum=0;maximum=125000;default=0"
"ITR.ITR1.Verification.Declaration.AssesseeVerName","string","","pattern=|(\\s*([\\w\\d_=!@#$%\\^*\\(\\){}\\[\\]\\|\\\\:;',\\.\\?/~`\\-\\+<>&\"][\\s\\w\\d_=!@#$%\\^*\\(\\){}\\[\\]\\|\\\\:;',\\.\\?/~`\\-\\+<>&\"]*)\\s*)"
"ITR.ITR1.Verification.Declaration.AssesseeVerName","object","","minLength=1;maxLength=127"
"ITR.ITR1.Verification.Declaration.FatherName","string","","pattern=|(\\s*([\\w\\d_=!@#$%\\^*\\(\\){}\\[\\]\\|\\\\:;',\\.\\?/~`\\-\\+<>&\"][\\s\\w\\d_=!@#$%\\^*\\(\\){}\\[\\]\\|\\\\:;',\\.\\?/~`\\-\\+<>&\"]*)\\s*)"
"ITR.ITR1.Verification.Declaration.FatherName","object","","minLength=1;maxLength=125"
"ITR.ITR1.Verification.Declaration.AssesseeVerPAN","string","","pattern=|(\\s*([\\w\\d_=!@#$%\\^*\\(\\){}\\[\\]\\|\\\\:;',\\.\\?/~`\\-\\+<>&\"][\\s\\w\\d_=!@#$%\\^*\\(\\){}\\[\\]\\|\\\\:;',\\.\\?/~`\\-\\+<>&\"]*)\\s*)"
"ITR.ITR1.Verification.Declaration.AssesseeVerPAN","object","","pattern=[A-Z]{5}[0-9]{4}[A-Z]"
"ITR.ITR1.Verification.Capacity","string","Y","enum=[\"S\", \"R\"]"
"ITR.ITR1.Verification.Place","string","","pattern=|(\\s*([\\w\\d_=!@#$%\\^*\\(\\){}\\[\\]\\|\\\\:;',\\.\\?/~`\\-\\+<>&\"][\\s\\w\\d_=!@#$%\\^*\\(\\){}\\[\\]\\|\\\\:;',\\.\\?/~`\\-\\+<>&\"]*)\\s*)"
"ITR.ITR1.Verification.Place","object","","minLength=1;maxLength=50"
"ITR.ITR1.TaxReturnPreparer.IdentificationNoOfTRP","string","","pattern=|(\\s*([\\w\\d_=!@#$%\\^*\\(\\){}\\[\\]\\|\\\\:;',\\.\\?/~`\\-\\+<>&\"][\\s\\w\\d_=!@#$%\\^*\\(\\){}\\[\\]\\|\\\\:;',\\.\\?/~`\\-\\+<>&\"]*)\\s*)"
"ITR.ITR1.TaxReturnPreparer.IdentificationNoOfTRP","object","","pattern=[T][0-9]{9}|[0-9]{6}"
"ITR.ITR1.TaxReturnPreparer.NameOfTRP","string","","pattern=|(\\s*([\\w\\d_=!@#$%\\^*\\(\\){}\\[\\]\\|\\\\:;',\\.\\?/~`\\-\\+<>&\"][\\s\\w\\d_=!@#$%\\^*\\(\\){}\\[\\]\\|\\\\:;',\\.\\?/~`\\-\\+<>&\"]*)\\s*)"
"ITR.ITR1.TaxReturnPreparer.NameOfTRP","object","","minLength=1;maxLength=125"
"ITR.ITR1.TaxReturnPreparer.ReImbFrmGov","integer","N","minimum=0;maximum=99999999999999"
